Time,Centre position X,Centre position Y
0.000,,
0.220,156,157
0.350,160,146
0.470,164,138
0.580,163,140
0.700,165,142
0.810,174,142
0.930,187,135
1.050,195,126
1.160,198,116
1.280,197,97
1.400,193,83
1.510,190,72
1.620,185,66
1.740,176,60
1.850,167,58
1.970,159,55
2.090,156,53
2.200,154,54
2.320,152,59
2.440,147,66
2.560,147,78
2.670,147,88
2.790,149,105
2.900,151,129
3.010,152,144
3.140,153,167
3.260,154,187
3.370,154,211
3.490,156,229
3.620,158,252
3.730,155,275
3.850,154,291
3.970,153,312
4.090,154,324
4.200,157,328
4.320,163,331
4.440,167,331
4.560,170,329
4.670,173,329
4.790,180,328
4.900,193,325
5.010,197,326
5.130,197,326
5.240,197,326
5.360,197,326
5.480,196,324
5.590,198,322
5.700,200,316
5.820,200,316
5.940,200,316
6.060,197,318
6.170,190,316
6.290,176,304
6.400,162,294
6.520,152,282
6.630,144,264
6.740,144,248
6.860,145,232
6.970,144,223
7.080,144,214
7.200,146,193
7.320,146,175
7.430,148,149
7.550,149,130
7.670,149,103
7.790,148,84
7.910,146,80
8.020,146,78
8.140,146,78
8.260,151,80
8.370,156,76
8.480,161,69
8.610,171,63
8.730,187,55
8.850,203,53
8.970,224,54
9.090,247,53
9.210,263,53
9.330,280,53
9.440,294,53
9.560,308,54
9.680,324,54
9.790,339,55
9.900,349,54
10.020,362,55
10.140,378,56
10.250,389,57
10.370,402,58
10.480,407,58
10.600,411,60
10.720,415,70
10.840,420,79
10.950,422,92
11.050,422,112
11.170,421,122
11.290,420,144
11.400,419,165
11.520,420,183
11.640,420,188
11.760,423,195
11.880,425,210
11.990,425,227
12.100,419,249
12.220,413,266
12.340,411,277
12.460,409,291
12.570,410,301
12.690,411,313
12.800,412,318
12.920,411,317
13.030,411,317
13.150,407,320
13.270,397,325
13.390,386,330
13.500,370,333
13.620,358,332
13.730,339,330
13.850,323,328
13.970,307,327
14.090,305,329
14.200,310,329
14.320,309,327
14.430,303,323
14.550,303,323
14.670,305,325
14.790,300,328
14.910,279,333
15.020,263,333
15.140,235,333
15.250,214,333
15.380,188,331
15.490,166,326
15.600,156,322
15.720,149,312
15.830,145,298
15.950,145,289
16.060,145,279
16.170,145,274
16.290,146,277
16.400,147,275
16.510,148,264
16.630,150,248
16.750,151,237
16.860,150,221
16.970,149,214
17.090,148,212
17.210,148,212
17.320,149,213
17.440,149,212
17.560,149,210
17.670,149,210
17.790,149,210
17.910,148,207
18.030,148,203
18.150,147,201
18.270,147,201
18.380,146,201
18.500,145,201
18.610,145,201
18.720,146,202
18.840,146,201
18.960,146,202
19.070,149,204
19.190,150,207
19.320,151,208
19.430,151,209
19.550,151,209
19.670,152,208
19.790,151,204
19.910,149,189
20.020,149,174
20.130,149,157
20.260,150,140
20.380,150,129
20.490,150,122
20.610,151,116
20.730,150,115
20.840,150,116
20.950,150,118
21.070,150,121
21.190,151,121
21.300,156,123
21.410,159,124
21.530,166,124
21.640,173,125
21.760,173,126
21.870,169,125
21.990,165,124
22.100,165,121
22.210,166,119
22.330,168,110
22.450,170,102
22.570,169,88
22.690,165,75
22.810,163,68
22.930,158,63
23.040,157,59
23.150,155,59
23.270,155,59
23.390,155,59
23.510,154,58
23.630,153,56
23.740,152,56
23.860,152,55
23.980,152,55
24.100,152,55
24.210,152,55
24.320,152,54
24.430,151,53
24.550,151,53
24.650,151,53
24.770,151,53
24.900,151,53
25.010,152,53
25.130,152,53
25.250,153,53
25.370,154,54
25.490,154,54
25.600,154,53
25.720,154,53
25.830,155,54
25.940,156,53
26.050,157,59
26.160,158,62
26.280,158,61
26.400,162,58
26.510,160,56
26.630,158,56
26.750,157,55
26.870,157,55
26.990,158,55
27.100,158,55
27.220,158,56
27.340,160,58
27.440,161,59
27.560,159,56
27.670,157,54
27.790,156,56
27.900,156,64
28.020,155,77
28.130,152,88
28.250,149,104
28.360,146,128
28.490,145,146
28.600,146,170
28.710,146,190
28.830,147,212
28.950,146,232
29.070,146,256
29.190,147,281
29.300,147,297
29.420,146,312
29.540,145,319
29.650,145,323
29.760,145,323
29.880,145,323
29.990,145,323
30.110,145,323
30.230,145,325
30.340,144,326
30.460,145,328
30.570,145,328
30.690,145,328
30.790,145,328
30.910,145,327
31.030,145,325
31.140,147,322
31.250,147,323
31.370,149,324
31.480,152,328
31.590,152,330
31.700,153,331
31.820,152,330
31.930,150,330
32.050,150,329
32.170,150,329
32.300,150,329
32.410,150,329
32.520,150,329
32.630,151,328
32.740,150,327
32.860,150,324
32.960,149,325
33.080,149,325
33.190,148,325
33.310,148,325
33.430,148,326
33.540,149,325
33.660,149,323
33.780,149,323
33.900,149,324
34.010,149,324
34.130,148,324
34.240,148,325
34.350,149,325
34.470,149,325
34.580,149,325
34.690,151,325
34.810,151,326
34.930,154,325
35.040,160,323
35.160,165,322
35.290,167,322
35.400,167,323
35.520,166,323
35.640,166,323
35.750,166,323
35.860,168,323
35.980,178,323
36.100,192,324
36.220,198,325
36.330,208,325
36.450,221,325
36.570,228,325
36.690,244,325
36.800,256,325
36.920,267,326
37.040,274,326
37.150,281,328
37.260,302,329
37.370,320,328
37.480,341,330
37.600,364,330
37.720,383,329
37.840,395,329
37.950,405,332
38.070,411,333
38.190,413,332
38.300,415,332
38.420,416,332
38.540,416,332
38.670,418,333
38.800,420,332
38.900,421,332
39.020,421,332
39.140,421,331
39.260,421,331
39.370,420,331
39.490,420,332
39.610,420,332
39.720,418,332
39.830,418,332
39.950,417,333
40.070,417,333
40.190,417,333
40.310,414,332
40.430,414,331
40.550,413,330
40.660,414,330
40.780,416,327
40.890,418,327
41.010,419,329
41.130,418,329
41.240,418,329
41.360,419,328
41.470,418,329
41.590,418,329
41.700,418,329
41.820,418,328
41.940,420,324
42.060,422,319
42.180,422,316
42.290,422,316
42.410,422,317
42.530,422,317
42.650,420,317
42.770,416,316
42.890,412,313
43.000,410,312
43.120,411,315
43.230,410,316
43.350,410,316
43.470,410,317
43.580,411,317
43.690,411,316
43.810,411,314
43.920,411,312
44.030,411,308
44.140,410,303
44.260,411,299
44.370,412,298
44.490,415,289
44.600,418,280
44.720,420,266
44.830,422,249
44.950,424,229
45.070,424,212
45.190,424,191
45.320,423,171
45.430,421,155
45.550,421,133
45.670,421,117
45.790,419,109
45.900,420,104
46.020,420,86
46.130,421,74
46.250,420,66
46.370,421,63
46.480,422,64
46.610,423,63
46.730,424,62
46.840,424,62
46.970,423,63
47.080,422,62
47.200,421,56
47.310,420,55
47.440,421,56
47.550,421,56
47.670,421,56
47.780,421,56
47.900,421,57
48.010,421,58
48.120,422,58
48.250,423,58
48.360,423,57
48.480,423,55
48.600,422,55
48.730,422,55
48.850,422,57
48.960,421,59
49.080,417,59
49.190,414,58
49.300,413,57
49.410,409,60
49.530,404,60
49.640,397,62
49.760,386,65
49.870,374,66
49.990,355,64
50.110,337,62
50.220,313,58
50.340,294,54
50.450,270,55
50.570,252,57
50.680,233,60
50.790,211,65
50.900,197,68
51.020,182,72
51.130,174,73
51.240,168,73
51.350,165,71
51.460,165,72
51.580,165,73
51.690,165,76
51.810,162,79
51.920,158,84
52.030,153,96
52.150,149,116
52.260,147,131
52.380,146,148
52.500,145,173
52.610,146,194
52.730,147,210
52.840,148,225
52.960,150,244
53.070,150,261
53.190,150,285
53.300,149,299
53.410,150,315
53.530,149,320
53.650,151,326
53.760,153,329
53.880,151,329
53.990,150,329
54.110,151,329
54.230,151,329
54.340,151,330
54.460,152,331
54.580,153,331
54.690,154,331
54.800,156,331
54.910,157,331
55.030,156,331
55.140,156,330
55.260,155,330
55.380,154,329
55.500,153,327
55.620,155,326
55.730,155,326
55.850,156,326
55.960,157,325
56.080,157,324
56.190,157,324
56.300,157,323
56.410,159,320
56.530,161,319
56.640,161,314
56.760,163,309
56.880,166,306
57.000,170,301
57.110,174,296
57.230,178,293
57.350,177,290
57.460,176,289
57.570,176,287
57.680,174,279
57.790,173,274
57.920,171,268
58.040,171,265
58.160,170,266
58.280,171,267
58.390,172,267
58.510,174,267
58.620,179,262
58.740,184,259
58.850,193,254
58.970,201,249
59.080,211,244
59.200,218,241
59.310,228,236
59.420,236,233
59.540,244,229
59.650,252,224
59.760,255,224
59.880,257,224
59.990,258,222
60.120,260,221
60.230,260,222
60.340,260,222
60.450,259,222
60.570,260,222
60.700,266,221
60.800,274,220
60.920,284,221
61.040,292,224
61.150,301,230
61.270,312,236
61.390,327,247
61.500,338,253
61.620,355,263
61.730,368,271
61.830,381,280
61.950,393,290
62.060,406,305
62.180,415,316
62.300,417,319
62.420,418,317
62.540,418,318
62.650,419,320
62.770,420,320
62.890,420,319
63.010,422,320
63.120,422,320
63.230,420,319
63.340,418,316
63.460,417,315
63.570,416,315
63.690,415,318
63.800,413,322
63.920,409,325
64.040,406,327
64.150,406,328
64.270,407,328
64.380,407,326
64.490,409,329
64.610,409,329
64.730,410,329
64.840,410,329
64.950,410,328
65.070,411,327
65.190,411,327
65.300,411,327
65.430,410,328
65.540,411,327
65.650,411,327
65.770,411,327
65.890,412,327
66.000,412,327
66.120,412,327
66.240,412,327
66.360,413,325
66.480,411,323
66.600,411,317
66.730,410,306
66.840,412,295
66.960,413,284
67.070,415,266
67.180,417,249
67.300,419,233
67.420,420,212
67.530,420,196
67.640,419,182
67.750,419,164
67.880,420,146
67.990,420,130
68.110,420,109
68.220,419,98
68.340,419,95
68.460,420,94
68.570,421,94
68.680,422,93
68.790,422,93
68.900,422,93
69.010,420,95
69.130,417,96
69.250,417,96
69.370,414,93
69.480,406,88
69.600,401,86
69.710,388,85
69.830,380,83
69.950,367,80
70.070,355,77
70.190,342,73
70.300,326,69
70.420,312,66
70.540,297,63
70.650,284,62
70.760,272,60
70.880,261,58
70.990,252,57
71.110,248,56
71.230,248,55
71.350,249,56
71.460,250,56
71.580,249,55
71.700,248,54
71.820,248,53
71.930,248,53
72.050,248,53
72.160,248,53
72.280,248,53
72.400,248,53
72.510,248,53
72.630,248,53
72.740,249,53
72.850,249,53
72.970,250,53
73.090,251,53
73.210,251,54
73.330,252,56
73.450,253,59
73.570,251,60
73.690,250,61
73.800,248,62
73.930,240,63
74.040,234,64
74.160,229,68
74.280,216,71
74.390,206,74
74.500,198,75
74.620,191,78
74.740,192,76
74.860,193,76
74.980,195,76
75.090,195,76
75.210,195,76
75.310,195,76
75.430,195,76
75.550,195,76
75.660,196,75
75.780,198,74
75.900,199,73
76.020,199,73
76.140,199,73
76.260,199,73
76.370,198,73
76.490,196,74
76.600,193,75
76.710,188,79
76.830,187,81
76.940,185,82
77.050,177,85
77.170,168,88
77.290,166,88
77.420,166,88
77.530,166,88
77.640,166,88
77.760,167,86
77.880,161,84
77.990,155,81
78.110,151,78
78.220,147,70
78.340,145,65
78.450,146,62
78.560,145,61
78.670,145,61
78.790,145,62
78.900,145,62
79.010,145,62
79.130,145,62
79.240,145,62
79.350,145,62
79.460,146,62
79.590,146,62
79.700,146,62
79.830,146,62
79.940,146,62
80.050,146,62
80.170,146,62
80.290,146,62
80.410,146,62
80.520,146,62
80.640,146,61
80.760,146,61
80.880,146,61
81.000,146,61
81.120,146,61
81.240,146,64
81.360,146,63
81.490,148,61
81.600,148,59
81.710,151,57
81.820,151,56
81.940,150,56
82.060,150,57
82.170,149,58
82.280,151,58
82.390,155,54
82.520,156,52
82.630,156,52
82.750,159,51
82.880,159,51
82.980,159,51
83.090,160,51
83.210,161,51
83.330,161,51
83.450,159,52
83.560,158,52
83.680,159,54
83.800,158,55
83.920,158,55
84.030,157,56
84.150,156,57
84.260,156,57
84.380,156,57
84.500,156,57
84.610,156,57
84.730,154,58
84.850,152,61
84.960,152,63
85.080,151,63
85.190,150,63
85.320,148,69
85.430,146,73
85.550,146,74
85.670,146,74
85.780,146,74
85.900,146,74
86.020,146,74
86.140,146,74
86.250,146,82
86.360,145,89
86.470,146,96
86.590,145,100
86.700,147,103
86.820,145,109
86.930,144,121
87.050,144,135
87.160,145,144
87.280,145,162
87.400,145,176
87.510,147,197
87.640,147,219
87.750,146,237
87.860,146,256
87.970,146,279
88.090,146,299
88.210,146,310
88.320,146,318
88.440,146,322
88.550,145,324
88.670,145,324
88.780,145,324
88.900,145,324
89.020,145,324
89.130,145,324
89.250,146,322
89.370,147,321
89.480,150,326
89.590,152,330
89.710,156,331
89.820,159,331
89.940,160,330
90.050,161,330
90.170,161,330
90.280,161,330
90.400,161,330
90.520,161,329
90.640,162,326
90.760,163,324
90.870,165,322
90.990,164,320
91.110,163,321
91.220,163,322
91.330,163,321
91.450,164,321
91.560,165,321
91.670,166,323
91.790,166,323
91.900,167,324
92.020,167,324
92.130,166,324
92.240,166,323
92.350,165,322
92.460,165,320
92.580,165,317
92.690,167,313
92.810,167,309
92.920,165,308
93.030,165,309
93.140,164,310
93.250,164,311
93.370,163,311
93.490,160,306
93.610,155,298
93.720,150,293
93.830,146,284
93.940,145,281
94.060,145,282
94.180,146,279
94.290,146,271
94.400,146,263
94.520,148,259
94.630,150,254
94.750,154,243
94.860,157,237
94.970,160,226
95.080,162,218
95.190,164,213
95.300,169,206
95.420,171,200
95.550,176,191
95.660,179,185
95.770,185,181
95.890,187,180
96.000,185,182
96.120,184,184
96.240,185,185
96.340,184,185
96.460,183,183
96.580,183,180
96.700,184,177
96.820,184,176
96.930,187,173
97.040,186,174
97.150,188,177
97.270,194,179
97.380,200,179
97.500,209,181
97.610,217,185
97.730,228,192
97.850,233,197
97.960,238,205
98.070,243,217
98.180,244,227
98.310,246,238
98.430,248,244
98.550,251,256
98.660,254,266
98.780,257,285
98.890,259,298
99.010,261,305
99.130,261,310
99.250,263,315
99.370,263,319
99.480,264,317
99.600,273,323
99.720,282,327
99.830,279,327
99.940,278,326
100.060,279,327
100.170,281,328
100.290,283,329
100.390,285,330
100.500,291,331
100.620,304,332
100.730,319,333
100.860,342,332
100.970,365,331
101.080,375,332
101.190,383,331
101.310,398,330
101.420,407,330
101.530,412,332
101.650,413,332
101.760,413,332
101.870,414,332
101.980,414,331
102.090,414,331
102.210,414,330
102.330,414,330
102.440,413,331
102.560,411,331
102.680,411,331
102.800,410,331
102.920,410,331
103.040,410,331
103.150,410,331
103.270,410,331
103.390,410,331
103.500,410,331
103.620,410,331
103.740,409,330
103.850,409,330
103.970,408,331
104.080,408,331
104.200,408,331
104.320,409,331
104.430,409,331
104.550,409,331
104.680,409,331
104.790,409,330
104.900,409,330
105.020,409,330
105.130,408,330
105.240,409,331
105.350,409,331
105.470,409,330
105.580,409,330
105.700,409,330
105.820,409,330
105.940,409,331
106.060,409,331
106.170,409,330
106.290,409,330
106.410,410,331
106.530,409,331
106.640,409,331
106.750,409,330
106.870,408,330
106.990,409,331
107.110,410,331
107.220,409,331
107.330,409,331
107.450,409,331
107.570,409,331
107.680,409,331
107.790,409,331
107.900,409,330
108.020,410,331
108.140,409,331
108.260,410,330
108.390,410,330
108.500,409,330
108.610,409,330
108.730,409,330
108.850,410,330
108.970,409,330
109.090,409,330
109.200,409,330
109.320,409,330
109.430,409,331
109.550,409,331
109.660,408,331
109.780,408,331
109.890,409,331
110.010,409,331
110.120,408,330
110.220,408,330
110.350,408,330
110.460,408,330
110.580,409,330
110.690,410,330
110.810,410,330
110.920,410,330
111.040,410,330
111.150,411,329
111.270,411,328
111.380,411,327
111.490,414,322
111.610,416,318
111.740,416,315
111.850,417,315
111.960,416,315
112.080,416,315
112.190,416,316
112.300,415,315
112.420,414,315
112.540,412,312
112.660,409,308
112.770,407,305
112.880,407,305
113.000,407,307
113.110,407,309
113.230,406,310
113.340,405,312
113.460,405,314
113.570,400,316
113.680,394,319
113.790,386,326
113.900,382,328
114.020,379,331
114.130,373,331
114.240,369,332
114.360,363,332
114.480,355,331
114.590,349,332
114.700,346,330
114.810,344,331
114.920,343,331
115.050,343,330
115.160,343,330
115.290,342,331
115.410,341,332
115.530,340,332
115.650,340,332
115.760,340,333
115.870,340,333
115.990,341,332
116.100,340,333
116.210,340,332
116.320,342,330
116.430,341,330
116.550,341,330
116.660,339,328
116.780,335,326
116.900,331,324
117.010,330,322
117.130,328,318
117.240,325,313
117.370,324,308
117.480,322,304
117.600,322,302
117.710,323,302
117.830,325,301
117.950,327,301
118.060,329,297
118.160,337,292
118.280,344,290
118.400,350,290
118.500,364,292
118.620,380,296
118.730,398,303
118.860,407,310
118.980,416,319
119.090,418,323
119.210,417,322
119.320,417,321
119.430,418,322
119.550,421,329
119.660,421,330
119.780,419,331
119.890,417,332
120.000,417,332
120.110,416,331
120.230,416,332
120.350,415,331
120.460,415,331
120.570,414,330
120.680,414,329
120.800,414,329
120.920,414,328
121.040,414,328
121.150,414,328
121.260,414,328
121.380,414,328
121.500,414,328
121.620,414,329
121.730,414,329
121.840,414,329
121.960,416,327
122.080,417,326
122.200,418,324
122.310,417,323
122.420,419,320
122.540,420,312
122.660,421,302
122.770,422,290
122.890,423,277
123.010,425,256
123.120,426,233
123.240,426,216
123.360,424,197
123.470,422,178
123.580,422,160
123.700,423,138
123.810,423,124
123.920,423,113
124.030,422,98
124.140,421,86
124.260,422,74
124.370,422,69
124.490,422,67
124.610,424,65
124.720,425,62
124.840,425,63
124.960,423,63
125.070,423,65
125.190,424,65
125.310,424,65
125.420,425,65
125.530,425,65
125.650,425,65
125.760,426,66
125.880,426,67
126.000,426,67
126.120,427,67
126.230,427,66
126.340,428,67
126.470,427,67
126.580,427,67
126.700,424,68
126.820,423,68
126.930,422,71
127.040,418,70
127.170,411,67
127.280,401,64
127.390,388,61
127.500,368,60
127.620,351,58
127.730,329,56
127.850,312,55
127.960,289,53
128.080,272,54
128.190,248,56
128.310,227,57
128.430,204,57
128.540,193,58
128.660,181,58
128.770,177,59
128.900,175,60
129.020,175,59
129.130,175,60
129.250,174,58
129.360,173,57
129.480,173,57
129.600,174,58
129.720,175,60
129.820,175,61
129.940,176,62
130.060,178,62
130.180,178,63
130.300,177,66
130.410,174,71
130.530,174,72
130.650,174,71
130.750,175,71
130.860,174,70
130.970,172,69
131.100,170,67
131.220,170,66
131.330,170,66
131.450,170,66
131.570,170,65
131.680,171,65
131.790,172,66
131.900,172,66
132.020,175,69
132.130,176,70
132.250,178,69
132.380,176,68
132.490,175,67
132.610,167,66
132.720,157,65
132.840,153,61
132.950,151,58
133.070,150,58
133.190,150,59
133.310,150,59
133.430,150,60
133.540,151,60
133.660,151,60
133.780,151,59
133.890,149,58
134.010,148,56
134.120,147,56
134.240,147,55
134.360,146,54
134.470,146,54
134.580,146,54
134.690,147,54
134.810,147,54
134.920,147,54
135.040,147,54
135.150,147,54
135.260,147,54
135.370,147,55
135.490,149,57
135.600,149,60
135.710,148,61
135.830,147,62
135.940,145,63
136.060,145,63
136.180,145,62
136.290,147,62
136.410,151,63
136.540,148,67
136.650,145,72
136.770,146,73
136.890,146,74
137.010,146,74
137.130,147,74
137.240,146,74
137.360,146,74
137.470,146,74
137.580,146,74
137.690,146,73
137.800,147,72
137.920,152,73
138.030,155,72
138.150,154,72
138.260,153,71
138.380,153,71
138.490,153,71
138.600,153,72
138.720,153,72
138.830,153,71
138.950,155,68
139.070,157,67
139.190,159,66
139.310,163,64
139.430,169,60
139.530,175,57
139.650,181,54
139.770,181,53
139.880,182,53
140.000,182,53
140.110,181,54
140.220,181,54
140.340,183,53
140.460,184,54
140.570,184,54
140.690,187,54
140.810,187,54
140.940,188,53
141.050,188,53
141.160,187,53
141.270,189,53
141.380,189,53
141.510,189,53
141.630,191,55
141.750,192,56
141.870,192,56
141.990,192,56
142.100,192,56
142.220,192,56
142.330,192,56
142.440,192,56
142.550,192,55
142.670,189,58
142.780,186,61
142.890,182,65
143.000,181,65
143.120,181,65
143.240,181,65
143.350,181,65
143.480,181,65
143.590,180,65
143.700,178,65
143.820,178,65
143.930,169,72
144.050,157,82
144.170,150,90
144.280,147,96
144.400,145,108
144.520,144,121
144.640,144,136
144.770,145,161
144.890,146,186
145.000,146,207
145.120,146,228
145.240,146,255
145.360,146,279
145.470,146,296
145.570,149,308
145.690,150,313
145.810,150,313
145.920,149,314
146.040,149,315
146.160,148,314
146.270,148,313
146.390,148,311
146.500,148,313
146.620,149,319
146.740,150,322
146.850,151,325
146.970,153,328
147.090,155,331
147.200,157,331
147.310,159,330
147.430,162,330
147.530,164,330
147.650,166,330
147.760,169,330
147.880,173,330
148.000,178,330
148.120,186,330
148.240,191,330
148.360,206,332
148.470,216,332
148.600,227,330
148.720,235,328
148.820,244,327
148.940,249,327
149.050,250,326
149.160,250,326
149.290,249,326
149.400,249,326
149.520,249,326
149.630,249,326
149.750,249,327
149.870,249,328
149.980,248,329
150.100,247,329
150.220,248,330
150.340,247,331
150.460,247,331
150.580,244,331
150.690,242,331
150.800,240,330
150.920,239,328
151.040,239,327
151.140,238,326
151.270,236,326
151.390,231,330
151.500,229,331
151.620,222,330
151.740,222,330
151.850,220,330
151.960,218,331
152.080,216,331
152.190,214,330
152.320,214,330
152.440,213,330
152.550,212,330
152.660,213,329
152.780,209,330
152.900,201,331
153.010,194,332
153.130,181,330
153.250,165,327
153.370,158,327
153.480,156,326
153.600,153,328
153.720,151,329
153.840,149,328
153.950,149,329
154.070,147,329
154.190,147,329
154.300,147,329
154.420,147,329
154.530,148,329
154.640,148,329
154.760,148,329
154.880,148,329
154.980,149,329
155.100,150,329
155.210,150,329
155.330,150,329
155.450,151,329
155.580,155,327
155.690,156,327
155.800,157,327
155.910,154,326
156.020,149,323
156.140,147,322
156.250,147,325
156.370,148,325
156.480,148,322
156.580,147,319
156.710,147,317
156.830,148,315
156.950,150,315
157.060,149,315
157.170,149,314
157.300,152,311
157.410,155,309
157.520,156,307
157.650,159,306
157.760,160,307
157.880,159,307
157.990,159,308
158.100,158,308
158.220,158,307
158.340,158,306
158.450,160,300
158.570,164,294
158.680,165,289
158.790,167,279
158.900,169,270
159.010,169,255
159.140,170,242
159.250,170,226
159.360,171,218
159.480,173,214
159.600,172,213
159.710,171,212
159.830,170,209
159.930,168,202
160.050,164,187
160.160,159,178
160.280,154,169
160.400,149,156
160.520,146,145
160.640,145,141
160.750,145,138
160.860,147,135
160.980,146,134
161.100,145,134
161.210,145,135
161.320,145,134
161.430,145,135
161.540,146,133
161.660,147,127
161.770,149,120
161.890,152,110
162.010,155,99
162.130,158,83
162.240,159,74
162.350,159,69
162.460,156,66
162.580,153,60
162.690,153,59
162.800,152,60
162.920,150,58
163.040,151,58
163.150,151,59
163.270,150,58
163.390,150,58
163.510,150,58
163.620,150,58
163.740,150,59
163.850,149,59
163.970,150,59
164.090,150,59
164.220,150,59
164.340,150,61
164.470,150,59
164.580,151,59
164.690,153,58
164.810,155,58
164.930,156,57
165.040,159,55
165.170,161,54
165.290,162,52
165.400,162,52
165.520,162,52
165.630,162,52
165.750,162,52
165.880,162,51
165.990,160,51
166.100,160,51
166.200,161,51
166.310,161,51
166.430,160,50
166.540,160,50
166.660,160,50
166.780,160,50
166.900,160,50
167.010,160,51
167.130,160,51
167.240,160,51
167.350,161,51
167.460,162,51
167.580,162,51
167.690,162,51
167.800,162,50
167.910,162,51
168.030,162,53
168.140,161,55
168.250,163,55
168.370,167,57
168.480,171,59
168.590,171,58
168.710,171,57
168.830,171,56
168.940,171,57
169.060,169,58
169.190,169,57
169.300,169,57
169.410,169,57
169.530,169,57
169.650,168,58
169.760,165,59
169.870,162,63
169.990,160,66
170.100,159,66
170.220,159,65
170.340,159,65
170.450,159,65
170.570,159,65
170.690,158,66
170.810,155,69
170.940,150,75
171.050,148,80
171.170,147,85
171.280,146,91
171.390,146,94
171.500,147,97
171.610,147,99
171.730,147,100
171.840,147,100
171.950,147,100
172.080,147,100
172.190,147,100
172.320,147,100
172.430,146,102
172.550,148,109
172.660,146,120
172.780,145,135
172.890,143,158
173.000,143,176
173.110,145,201
173.230,146,215
173.340,146,239
173.450,145,258
173.570,144,277
173.680,146,294
173.800,148,301
173.910,148,302
174.020,147,301
174.140,148,304
174.260,150,309
174.360,149,309
174.470,148,309
174.590,148,309
174.710,148,308
174.830,149,308
174.940,149,315
175.060,147,320
175.180,147,325
175.300,147,324
175.410,147,322
175.530,147,322
175.640,147,322
175.760,148,320
175.880,148,319
176.000,148,320
176.110,148,320
176.220,148,320
176.340,148,321
176.460,148,320
176.570,147,320
176.680,146,319
176.800,145,318
176.910,144,318
177.030,144,318
177.140,144,318
177.250,144,317
177.370,144,316
177.480,144,315
177.600,146,315
177.710,148,316
177.820,149,314
177.940,152,313
178.060,154,318
178.180,158,325
178.290,162,325
178.400,165,326
178.520,168,326
178.640,167,327
178.760,166,327
178.880,166,326
179.000,167,326
179.110,167,325
179.230,167,325
179.340,167,325
179.450,167,325
179.570,167,326
179.690,167,325
179.800,167,325
179.920,167,326
180.030,174,326
180.140,190,327
180.260,204,328
180.370,224,330
180.490,241,331
180.620,266,332
180.730,285,333
180.830,305,333
180.950,327,333
181.060,341,332
181.180,365,330
181.290,379,329
181.410,396,331
181.530,406,331
181.660,412,333
181.770,413,332
181.880,412,332
182.000,413,332
182.110,414,332
182.220,414,331
182.340,414,332
182.450,413,332
182.570,413,332
182.690,411,331
182.810,409,331
182.920,409,332
183.040,408,331
183.150,408,331
183.270,409,331
183.390,410,330
183.500,414,328
183.610,417,326
183.730,417,326
183.850,416,327
183.970,418,328
184.080,420,329
184.190,420,330
184.310,419,330
184.420,420,330
184.550,419,330
184.670,419,329
184.780,419,329
184.890,419,329
185.010,417,329
185.130,418,328
185.250,418,328
185.360,418,328
185.480,418,328
185.600,417,327
185.710,417,325
185.820,415,326
185.940,413,325
186.060,412,326
186.180,411,325
186.290,411,324
186.400,412,323
186.500,412,324
186.610,413,324
186.730,413,324
186.840,412,324
186.960,412,323
187.070,413,324
187.190,413,324
187.300,413,324
187.420,413,324
187.540,413,324
187.660,413,324
187.780,413,324
187.900,413,324
188.020,413,324
188.130,413,324
188.250,413,324
188.360,414,324
188.480,413,324
188.590,412,324
188.710,412,324
188.820,412,323
188.950,411,323
189.060,412,322
189.180,412,322
189.290,412,322
189.400,412,322
189.530,412,323
189.650,410,323
189.760,408,322
189.870,408,321
189.990,406,317
190.100,402,313
190.220,390,309
190.340,381,303
190.450,377,300
190.570,374,295
190.690,370,286
190.800,367,283
190.910,364,273
191.030,357,259
191.140,348,241
191.250,343,228
191.360,338,214
191.480,334,201
191.590,333,194
191.700,332,186
191.820,332,173
191.930,330,162
192.050,330,152
192.160,328,143
192.280,327,131
192.390,329,124
192.500,339,114
192.620,348,106
192.740,365,95
192.860,380,87
192.970,389,83
193.080,393,85
193.210,394,85
193.330,395,84
193.440,394,86
193.550,395,87
193.660,395,88
193.780,395,90
193.900,394,90
194.000,395,89
194.120,397,93
194.240,400,103
194.360,399,109
194.470,398,113
194.590,398,114
194.710,398,113
194.820,398,113
194.930,397,114
195.050,398,114
195.160,401,113
195.280,402,112
195.400,402,113
195.510,408,120
195.630,413,130
195.740,417,140
195.860,422,153
195.980,424,165
196.090,423,167
196.210,424,169
196.320,424,170
196.430,426,172
196.550,427,173
196.670,426,173
196.790,424,171
196.890,423,172
197.010,423,175
197.130,423,187
197.250,420,197
197.370,417,204
197.480,418,204
197.590,418,203
197.710,418,203
197.830,418,203
197.950,418,202
198.070,414,199
198.180,415,198
198.290,413,195
198.410,404,186
198.530,391,168
198.650,380,155
198.760,370,144
198.880,358,132
199.000,353,129
199.100,338,120
199.220,323,110
199.330,301,94
199.450,286,83
199.560,273,74
199.670,259,66
199.790,261,66
199.910,265,68
200.030,265,68
200.140,263,64
200.250,261,64
200.370,260,64
200.480,261,64
200.590,261,65
200.700,261,65
200.820,256,65
200.940,235,61
201.050,217,59
201.170,198,59
201.290,187,60
201.400,177,60
201.520,168,59
201.630,164,57
201.750,161,55
201.870,158,55
201.990,157,56
202.100,157,58
202.220,157,58
202.350,154,60
202.470,150,60
202.590,150,60
202.720,150,60
202.840,150,60
202.950,151,60
203.060,152,59
203.170,151,57
203.290,151,56
203.420,151,55
203.530,151,55
203.640,150,54
203.760,149,55
203.880,150,56
204.000,150,55
204.110,150,56
204.230,150,56
204.340,150,55
204.450,150,55
204.580,151,55
204.690,150,55
204.800,150,55
204.920,151,55
205.030,151,56
205.140,150,56
205.260,150,56
205.370,151,56
205.500,151,55
205.610,151,55
205.720,151,55
205.840,151,55
205.960,152,55
206.080,152,54
206.190,152,54
206.300,152,54
206.430,150,54
206.540,148,54
206.660,148,54
206.770,148,53
206.890,147,52
207.000,147,52
207.110,148,52
207.230,147,52
207.340,148,53
207.460,151,54
207.580,154,56
207.700,151,62
207.820,149,69
207.940,150,80
208.060,150,97
208.180,150,111
208.300,149,127
208.410,148,153
208.530,146,183
208.640,145,204
208.760,146,223
208.870,146,248
208.980,145,265
209.090,144,279
209.210,145,293
209.320,146,297
209.430,150,304
209.550,156,309
209.670,163,314
209.790,166,316
209.900,167,321
210.020,168,324
210.130,166,327
210.250,166,329
210.370,166,331
210.480,166,331
210.600,166,331
210.710,165,331
210.830,163,331
210.950,161,331
211.060,160,332
211.170,159,332
211.290,159,332
211.410,158,333
211.520,158,333
211.630,158,333
211.750,157,334
211.860,157,334
211.980,156,334
212.090,156,334
212.210,156,334
212.310,156,334
212.430,156,334
212.550,156,334
212.670,156,334
212.780,155,334
212.900,154,334
213.030,154,334
213.140,154,334
213.240,154,334
213.360,154,334
213.480,154,334
213.590,154,334
213.710,154,334
213.830,154,334
213.940,154,334
214.050,154,334
214.170,154,334
214.290,154,334
214.410,154,334
214.530,154,334
214.650,158,331
214.760,161,327
214.870,167,325
214.990,168,326
215.110,168,324
215.230,172,322
215.340,175,323
215.460,173,323
215.570,173,323
215.690,173,322
215.810,173,322
215.920,174,322
216.040,174,322
216.160,174,323
216.270,174,322
216.380,173,322
216.500,173,321
216.610,173,320
216.730,174,319
216.840,177,312
216.960,184,303
217.080,190,296
217.190,201,289
217.310,221,277
217.420,240,266
217.530,249,259
217.660,266,247
217.770,278,239
217.890,282,239
218.000,290,239
218.120,304,240
218.240,320,242
218.360,328,242
218.470,340,240
218.590,356,236
218.700,373,230
218.830,384,223
218.940,400,207
219.060,412,194
219.180,413,192
219.290,413,196
219.420,413,197
219.530,414,197
219.640,414,197
219.760,413,197
219.870,413,197
219.980,414,197
220.090,414,197
220.210,414,197
220.330,414,197
220.440,414,197
220.560,414,196
220.680,414,196
220.790,414,197
220.910,415,196
221.020,414,196
221.140,415,197
221.260,414,196
221.370,414,197
221.490,414,196
221.610,413,196
221.720,412,195
221.830,412,194
221.950,413,193
222.070,413,186
222.180,411,178
222.310,410,164
222.420,410,155
222.540,409,135
222.660,409,110
222.780,411,94
222.890,415,80
223.010,419,68
223.120,421,61
223.230,422,61
223.340,420,64
223.460,420,64
223.570,422,63
223.690,423,63
223.790,424,64
223.910,425,64
224.020,425,64
224.140,427,64
224.240,427,64
224.360,427,64
224.480,427,63
224.590,427,62
224.700,426,62
224.810,426,62
224.930,427,60
225.050,427,59
225.170,427,58
225.270,427,58
225.390,426,57
225.510,426,57
225.630,424,58
225.750,421,61
225.870,420,62
225.990,419,62
226.110,418,62
226.220,417,63
226.340,416,62
226.460,416,61
226.560,412,60
226.680,409,60
226.790,402,59
226.910,388,59
227.030,367,59
227.140,351,58
227.260,339,57
227.380,325,57
227.490,319,55
227.610,314,56
227.720,311,56
227.840,308,56
227.960,306,56
228.080,305,54
228.210,304,52
228.330,304,52
228.450,305,52
228.570,306,51
228.690,307,52
228.810,307,52
228.920,307,52
229.050,307,52
229.160,305,51
229.270,305,51
229.390,306,52
229.510,305,51
229.620,304,51
229.730,304,52
229.850,306,53
229.970,306,53
230.090,302,56
230.210,295,58
230.330,287,61
230.440,279,65
230.560,272,68
230.680,271,68
230.790,271,68
230.910,271,68
231.020,271,68
231.150,271,68
231.260,271,68
231.370,271,68
231.490,271,68
231.610,273,69
231.720,273,71
231.830,275,77
231.940,277,81
232.050,279,85
232.170,279,87
232.280,279,87
232.390,278,86
232.500,277,90
232.620,277,92
232.730,269,101
232.840,258,111
232.950,245,120
233.070,229,129
233.190,221,135
233.300,217,135
233.410,213,136
233.530,211,136
233.650,209,133
233.770,209,131
233.890,209,131
234.000,208,130
234.110,208,128
234.230,207,128
234.350,208,128
234.470,211,129
234.580,211,130
234.690,208,127
234.800,202,118
234.920,198,109
235.030,197,102
235.140,198,99
235.260,198,97
235.370,199,97
235.490,200,97
235.600,202,97
235.710,203,96
235.830,203,95
235.940,203,96
236.050,202,96
236.160,200,96
236.280,198,96
236.400,197,98
236.510,192,94
236.620,183,84
236.740,176,78
236.850,168,69
236.970,159,61
237.080,158,59
237.190,159,61
237.300,159,61
237.420,159,61
237.540,159,61
237.660,159,61
237.770,160,61
237.880,160,61
238.000,160,61
238.110,159,61
238.240,158,59
238.360,157,60
238.480,157,60
238.590,157,60
238.710,156,61
238.830,156,62
238.940,156,62
239.060,157,61
239.180,157,61
239.300,157,60
239.410,155,59
239.530,151,57
239.640,151,56
239.770,151,58
239.880,151,57
240.000,148,57
240.120,147,56
240.240,147,53
240.350,146,53
240.470,146,53
240.580,146,53
240.700,146,53
240.810,145,51
240.930,145,51
241.040,144,51
241.160,144,51
241.280,144,51
241.390,144,50
241.510,144,50
241.620,144,50
241.730,144,50
241.850,144,50
241.970,145,50
242.080,145,50
242.200,145,50
242.310,145,50
242.420,145,50
242.540,145,50
242.660,145,50
242.780,145,50
242.900,145,50
243.020,145,51
243.120,145,51
243.240,145,51
243.360,145,51
243.480,145,51
243.600,144,51
243.710,145,51
243.830,148,53
243.940,149,54
244.060,152,56
244.180,152,59
244.300,150,67
244.420,149,72
244.540,150,75
244.650,148,78
244.770,148,79
244.890,149,79
245.010,149,79
245.120,149,80
245.240,149,95
245.360,149,116
245.480,146,143
245.590,144,167
245.710,144,183
245.830,144,203
245.930,145,219
246.050,145,233
246.160,147,239
246.280,149,247
246.410,150,265
246.530,150,289
246.650,151,301
246.750,152,305
246.870,152,304
246.990,152,304
247.100,153,305
247.230,153,306
247.350,152,307
247.470,151,308
247.580,151,309
247.700,151,309
247.810,151,308
247.930,152,306
248.050,153,305
248.170,153,305
248.280,156,303
248.390,157,302
248.510,157,301
248.630,162,298
248.740,168,290
248.850,180,280
248.970,188,274
249.080,197,267
249.190,212,256
249.300,224,246
249.420,235,237
249.530,248,226
249.650,260,216
249.760,268,209
249.880,275,202
250.000,273,204
250.120,273,206
250.230,276,203
250.340,285,196
250.450,293,189
250.570,298,184
250.680,307,177
250.790,316,167
250.910,318,165
251.020,320,162
251.130,333,159
251.250,348,157
251.360,356,156
251.460,376,150
251.580,388,144
251.700,404,133
251.820,414,118
251.930,418,106
252.060,418,96
252.170,421,89
252.290,422,80
252.400,423,72
252.520,422,76
252.640,422,77
252.760,422,77
252.880,422,76
253.000,423,73
253.110,425,63
253.230,424,59
253.340,424,60
253.460,424,60
253.570,424,61
253.690,424,61
253.800,424,61
253.920,424,61
254.040,424,62
254.150,424,63
254.270,424,63
254.390,424,63
254.510,424,63
254.630,423,62
254.740,423,63
254.860,424,62
254.970,424,61
255.080,424,62
255.200,424,62
255.320,424,62
255.430,425,60
255.540,425,58
255.660,426,57
255.780,427,56
255.900,426,54
256.020,427,54
256.140,427,54
256.260,427,54
256.380,427,54
256.500,427,55
256.610,427,56
256.720,428,58
256.830,428,58
256.940,428,58
257.050,428,58
257.170,428,58
257.290,428,59
257.400,428,58
257.510,428,58
257.630,428,57
257.750,428,58
257.860,426,60
257.980,424,62
258.100,420,62
258.210,419,64
258.330,413,65
258.440,408,64
258.550,404,66
258.660,400,67
258.790,395,72
258.900,389,74
259.030,379,78
259.130,364,80
259.260,345,79
259.370,335,79
259.480,328,78
259.590,319,81
259.700,313,83
259.820,307,88
259.940,298,95
260.060,291,101
260.180,277,107
260.300,265,112
260.410,255,116
260.520,244,119
260.630,239,119
260.760,230,117
260.880,226,117
261.000,227,117
261.120,227,116
261.250,226,116
261.360,226,115
261.470,225,115
261.580,226,116
261.700,228,118
261.820,228,121
261.940,227,122
262.060,227,122
262.180,220,129
262.290,214,137
262.400,208,144
262.510,201,152
262.620,194,154
262.740,188,158
262.870,178,159
262.980,170,161
263.100,165,161
263.220,161,164
263.330,160,165
263.460,158,165
263.580,157,165
263.690,158,165
263.800,156,162
263.920,154,159
264.040,151,154
264.150,152,149
264.270,152,147
264.380,155,146
264.490,155,144
264.610,153,142
264.720,153,142
264.830,151,142
264.950,150,139
265.070,150,138
265.190,152,136
265.300,151,132
265.420,151,124
265.530,151,119
265.650,157,113
265.760,161,107
265.870,165,105
265.990,167,104
266.100,168,104
266.210,167,104
266.330,166,104
266.440,164,104
266.550,164,103
266.670,164,102
266.790,165,103
266.910,163,96
267.020,161,82
267.140,161,80
267.260,161,84
267.390,162,84
267.510,165,85
267.630,174,86
267.750,185,90
267.860,193,92
267.990,202,98
268.100,208,102
268.210,216,106
268.330,219,109
268.440,221,111
268.560,221,111
268.670,221,111
268.790,219,111
268.910,219,112
269.020,220,113
269.140,222,118
269.250,229,139
269.360,233,151
269.470,240,167
269.590,249,179
269.710,262,194
269.820,273,204
269.940,285,214
270.050,302,229
270.160,315,241
270.280,333,259
270.400,347,275
270.510,362,294
270.620,370,304
270.740,375,315
270.850,377,319
270.960,377,320
271.070,382,325
271.190,389,328
271.300,395,330
271.410,405,330
271.530,410,331
271.650,411,330
271.760,411,330
271.870,411,331
271.990,411,332
272.100,412,332
272.220,412,331
272.330,412,331
272.450,414,330
272.580,418,330
272.690,422,330
272.810,425,329
272.920,426,328
273.050,426,328
273.160,425,329
273.280,424,329
273.390,423,328
273.490,423,329
273.610,422,329
273.730,422,331
273.850,422,332
273.970,422,332
274.090,422,332
274.210,423,332
274.320,423,332
274.430,422,332
274.540,421,331
274.660,420,329
274.780,417,327
274.880,416,323
275.010,417,315
275.120,416,306
275.230,413,299
275.350,410,291
275.470,409,286
275.580,404,278
275.700,401,271
275.810,398,266
275.920,398,265
276.040,397,265
276.160,397,265
276.280,396,265
276.400,395,264
276.510,394,264
276.630,392,263
276.740,386,259
276.850,372,247
276.980,359,234
277.090,350,223
277.200,342,213
277.320,333,205
277.440,331,202
277.560,327,200
277.670,323,199
277.780,313,192
277.890,301,188
278.010,292,184
278.120,286,183
278.240,286,182
278.350,285,182
278.480,285,180
278.600,285,179
278.720,286,179
278.830,287,178
278.950,286,178
279.080,282,169
279.190,278,161
279.300,276,151
279.410,272,135
279.530,271,122
279.640,270,111
279.750,268,98
279.860,268,95
279.990,269,93
280.100,268,92
280.220,269,92
280.330,269,91
280.450,269,92
280.560,268,93
280.680,267,92
280.790,264,89
280.910,256,83
281.020,244,73
281.130,234,67
281.250,227,64
281.360,228,61
281.470,228,60
281.580,228,61
281.690,228,61
281.810,228,61
281.920,228,61
282.030,228,61
282.150,228,60
282.260,228,61
282.380,227,61
282.490,226,61
282.610,216,58
282.720,204,57
282.850,191,57
282.980,182,55
283.090,176,54
283.200,168,53
283.310,159,51
283.430,159,52
283.540,161,52
283.660,161,53
283.770,160,53
283.890,159,54
284.000,157,57
284.120,155,61
284.240,155,63
284.350,155,64
284.470,155,64
284.580,155,64
284.700,155,64
284.820,155,64
284.930,155,64
285.050,155,63
285.160,155,64
285.290,155,64
285.410,155,64
285.540,155,64
285.650,156,64
285.770,157,66
285.880,158,64
286.000,157,63
286.130,158,63
286.240,158,64
286.350,157,63
286.480,158,64
286.600,157,63
286.720,161,60
286.840,164,58
286.950,166,55
287.070,166,55
287.180,164,55
287.300,164,56
287.410,163,56
287.520,162,57
287.640,162,57
287.750,160,58
287.860,160,58
287.980,158,58
288.100,157,58
288.230,158,59
288.340,156,58
288.460,155,59
288.580,155,59
288.700,155,59
288.810,155,59
288.930,155,59
289.040,155,59
289.160,156,59
289.270,157,60
289.390,159,65
289.510,160,65
289.620,160,64
289.740,160,64
289.860,160,65
289.970,161,71
290.090,162,80
290.200,163,92
290.320,162,114
290.440,157,139
290.560,155,157
290.680,153,180
290.780,153,194
290.900,153,207
291.010,153,212
291.120,151,214
291.240,150,216
291.360,147,217
291.480,146,217
291.590,146,217
291.710,145,217
291.820,145,218
291.930,145,219
292.050,145,219
292.180,145,219
292.290,144,219
292.410,145,220
292.520,144,219
292.650,145,219
292.760,147,218
292.880,150,216
292.990,154,220
293.110,161,229
293.220,170,236
293.340,179,241
293.450,189,248
293.560,197,253
293.680,202,258
293.790,211,264
293.910,226,275
294.020,238,284
294.130,249,291
294.260,260,297
294.380,269,304
294.480,277,309
294.610,287,315
294.720,294,316
294.840,308,320
294.960,324,321
295.080,347,321
295.190,362,321
295.300,370,320
295.420,369,319
295.530,368,318
295.640,369,311
295.760,372,301
295.880,375,288
295.990,379,276
296.110,384,266
296.220,393,258
296.320,401,254
296.440,411,253
296.550,415,251
296.660,417,252
296.770,419,254
296.890,423,254
297.000,426,254
297.120,425,255
297.230,425,256
297.350,424,258
297.460,424,262
297.570,422,262
297.690,421,260
297.820,418,256
297.940,417,260
298.050,417,266
298.170,414,268
298.290,412,269
298.400,409,268
298.520,409,267
298.630,409,267
298.740,408,264
298.860,405,264
298.980,398,262
299.100,384,258
299.210,364,252
299.330,348,249
299.450,325,249
299.570,307,251
299.690,296,252
299.800,294,253
299.910,291,252
300.030,291,251
300.150,290,250
300.270,287,251
300.380,284,251
300.490,274,251
300.600,265,251
300.720,250,246
300.840,242,242
300.950,239,238
301.060,234,237
301.170,224,233
301.290,217,230
301.410,213,227
301.530,212,227
301.650,211,227
301.760,210,228
301.870,211,229
301.990,212,231
302.110,211,231
302.220,210,230
302.340,210,229
302.450,211,229
302.560,213,230
302.670,216,229
302.790,219,226
302.900,225,219
303.020,230,212
303.120,237,207
303.240,244,204
303.350,248,203
303.460,251,204
303.580,252,205
303.690,251,206
303.800,251,207
303.910,253,209
304.030,253,208
304.140,258,209
304.260,274,212
304.370,294,216
304.490,309,219
304.600,321,222
304.710,328,227
304.830,333,226
304.940,332,226
305.060,331,225
305.180,331,222
305.290,331,218
305.420,333,209
305.530,335,200
305.650,339,187
305.760,344,174
305.880,356,156
305.990,370,140
306.100,388,121
306.220,399,109
306.330,408,98
306.440,414,83
306.560,418,75
306.670,420,67
306.790,422,65
306.900,423,65
307.020,423,63
307.130,423,62
307.260,423,62
307.370,423,63
307.490,423,63
307.600,423,64
307.720,423,63
307.830,423,59
307.940,424,55
308.070,424,55
308.180,423,56
308.290,423,56
308.410,423,56
308.520,423,56
308.640,423,56
308.750,422,55
308.870,417,53
308.990,412,54
309.100,411,54
309.220,411,54
309.340,411,55
309.460,411,55
309.560,412,56
309.680,413,57
309.800,414,59
309.910,416,64
310.030,416,65
310.150,417,64
310.260,419,64
310.380,418,63
310.490,418,63
310.600,418,62
310.710,416,62
310.830,417,60
310.940,417,59
311.060,417,59
311.180,415,59
311.290,415,60
311.410,416,60
311.530,415,61
311.630,415,61
311.740,415,61
311.860,415,61
311.970,415,61
312.090,415,61
312.210,415,61
312.320,415,61
312.430,414,60
312.550,411,63
312.660,407,68
312.770,397,71
312.890,383,72
313.000,371,71
313.130,369,71
313.250,362,70
313.370,360,68
313.490,359,67
313.620,359,68
313.720,358,67
313.840,358,67
313.960,358,65
314.080,352,61
314.210,349,58
314.320,347,57
314.430,345,57
314.550,345,57
314.660,346,58
314.780,346,58
314.890,346,58
315.010,346,58
315.120,345,57
315.230,342,56
315.350,341,55
315.460,338,53
315.570,335,53
315.690,334,53
315.800,333,53
315.910,334,53
316.030,334,53
316.150,335,52
316.260,336,52
316.370,336,53
316.480,336,53
316.600,337,55
316.710,335,55
316.830,333,57
316.940,327,59
317.050,321,58
317.170,310,59
317.290,289,61
317.400,268,61
317.510,252,60
317.640,234,58
317.750,230,57
317.870,232,57
317.980,234,57
318.100,234,57
318.210,234,57
318.330,234,57
318.450,234,57
318.560,234,57
318.670,234,57
318.780,235,57
318.900,235,58
319.010,235,58
319.120,235,58
319.250,235,58
319.360,235,57
319.480,235,57
319.600,235,58
319.710,235,57
319.820,234,57
319.940,233,57
320.050,233,56
320.170,224,57
320.280,210,59
320.400,188,59
320.520,175,59
320.640,166,57
320.740,164,55
320.860,164,55
320.980,165,55
321.090,165,55
321.210,165,56
321.320,164,56
321.430,156,58
321.550,153,59
321.660,152,60
321.780,150,60
321.900,151,60
322.010,151,60
322.130,151,60
322.240,151,57
322.360,150,55
322.470,150,55
322.580,150,55
322.700,150,55
322.830,148,55
322.940,148,57
323.060,149,57
323.170,149,57
323.290,149,56
323.410,149,57
323.520,149,57
323.640,150,56
323.760,150,57
323.870,149,57
323.990,149,57
324.110,149,57
324.230,150,56
324.350,151,56
324.470,151,57
324.580,149,58
324.700,148,59
324.810,147,59
324.930,146,59
325.040,146,59
325.170,146,59
325.280,146,60
325.400,146,61
325.520,146,61
325.630,146,61
325.750,146,61
325.870,146,60
325.980,146,61
326.100,147,61
326.210,153,60
326.320,152,61
326.440,148,65
326.560,147,67
326.670,149,68
326.780,149,69
326.900,149,68
327.010,149,69
327.130,150,70
327.240,151,73
327.360,153,74
327.470,153,75
327.580,153,76
327.700,152,76
327.810,152,76
327.930,152,76
328.040,152,75
328.160,152,75
328.270,152,75
328.400,152,76
328.500,153,76
328.620,155,77
328.740,154,79
328.850,153,87
328.960,151,99
329.070,147,110
329.180,146,115
329.290,148,113
329.410,148,111
329.520,148,111
329.640,149,111
329.760,149,109
329.870,151,109
329.990,152,107
330.110,150,104
330.230,148,102
330.340,149,103
330.460,150,105
330.580,151,103
330.700,152,98
330.820,151,99
330.930,153,100
331.050,153,101
331.160,157,102
331.280,159,103
331.400,163,106
331.530,162,106
331.650,161,105
331.760,159,104
331.870,160,105
331.990,164,109
332.110,167,115
332.220,169,124
332.340,170,146
332.460,167,167
332.580,160,194
332.690,153,217
332.810,151,225
332.930,149,239
333.040,149,240
333.150,150,239
333.270,150,239
333.380,150,239
333.500,149,239
333.620,149,239
333.730,149,237
333.840,149,237
333.970,150,237
334.090,149,237
334.210,149,237
334.330,149,237
334.440,149,237
334.550,149,237
334.670,149,237
334.790,150,240
334.900,154,256
335.020,155,274
335.130,155,283
335.250,154,293
335.380,152,306
335.490,151,311
335.610,149,313
335.740,148,317
335.850,148,320
335.970,148,320
336.090,148,320
336.190,148,320
336.310,148,320
336.420,148,320
336.540,148,320
336.660,148,320
336.770,148,320
336.880,148,320
337.000,148,320
337.110,148,320
337.230,148,320
337.340,147,323
337.460,146,322
337.570,147,320
337.690,148,320
337.800,148,323
337.920,147,324
338.030,147,324
338.140,147,324
338.270,147,324
338.380,148,324
338.500,148,324
338.610,148,323
338.730,147,324
338.840,147,324
338.960,147,324
339.070,147,324
339.180,147,324
339.300,147,323
339.410,148,324
339.520,148,321
339.630,149,320
339.750,148,318
339.870,149,319
339.980,149,320
340.100,151,322
340.220,154,323
340.330,160,326
340.440,163,327
340.550,166,328
340.670,173,327
340.780,180,327
340.900,190,325
341.010,200,325
341.120,210,323
341.230,213,323
341.360,214,322
341.470,214,324
341.580,213,325
341.690,212,325
341.810,211,326
341.940,211,325
342.050,210,324
342.170,211,324
342.290,211,326
342.410,213,328
342.520,214,329
342.630,213,331
342.750,212,332
342.860,213,332
342.980,212,332
343.080,212,333
343.190,212,332
343.310,212,332
343.430,213,331
343.540,213,331
343.650,214,332
343.760,214,332
343.880,214,332
343.990,214,332
344.110,213,327
344.220,213,325
344.330,215,323
344.440,220,323
344.560,224,323
344.680,226,322
344.790,225,320
344.910,225,319
345.030,225,309
345.150,223,293
345.260,223,284
345.380,220,269
345.490,218,253
345.610,216,240
345.730,214,222
345.850,213,209
345.960,213,202
346.080,214,201
346.200,214,201
346.310,214,201
346.430,214,201
346.540,214,202
346.650,214,202
346.760,212,201
346.890,211,199
347.010,204,187
347.120,195,165
347.250,188,150
347.370,176,129
347.490,164,110
347.600,158,99
347.720,154,91
347.840,151,78
347.960,151,74
348.080,151,74
348.190,151,74
348.310,150,74
348.420,150,75
348.550,151,76
348.660,151,77
348.770,151,76
348.890,149,69
348.990,146,62
349.110,146,62
349.230,146,61
349.350,147,60
349.460,148,59
349.580,148,60
349.700,148,60
349.820,148,59
349.930,148,59
350.040,150,59
350.160,150,57
350.280,151,57
350.400,151,56
350.520,152,56
350.630,152,56
350.750,152,56
350.870,152,56
350.980,152,56
351.100,153,56
351.220,152,56
351.340,152,56
351.470,152,56
351.580,152,56
351.700,152,56
351.820,152,56
351.930,152,56
352.050,152,56
352.170,152,56
352.290,152,56
352.410,152,56
352.530,152,56
352.640,152,56
352.760,152,56
352.870,152,56
352.990,152,57
353.110,152,58
353.230,151,58
353.340,151,59
353.460,146,57
353.570,145,58
353.690,147,53
353.810,149,53
353.920,150,53
354.040,150,54
354.150,151,53
354.270,150,53
354.390,150,53
354.510,150,54
354.630,149,54
354.740,149,55
354.870,148,55
354.980,148,55
355.090,148,55
355.210,148,55
355.330,148,55
355.460,148,55
355.570,149,56
355.680,151,58
355.800,150,62
355.920,151,65
356.030,151,65
356.140,152,62
356.250,152,60
356.370,151,61
356.490,151,61
356.610,151,63
356.720,152,63
356.840,152,63
356.960,152,63
357.080,152,63
357.190,152,63
357.320,152,63
357.440,153,64
357.550,153,64
357.670,152,63
357.780,151,62
357.900,151,63
358.020,151,62
358.130,153,62
358.250,153,62
358.360,152,62
358.480,152,62
358.600,152,62
358.710,152,62
358.830,152,62
358.940,153,62
359.060,152,62
359.170,149,62
359.290,148,63
359.390,148,62
359.510,147,62
359.630,147,61
359.740,148,61
359.850,148,60
359.970,148,60
360.080,148,60
360.200,148,59
360.310,148,59
360.420,148,59
360.540,148,59
360.650,149,59
360.760,149,58
360.880,150,58
360.990,150,58
361.110,150,58
361.230,149,57
361.340,150,58
361.450,150,57
361.570,150,57
361.680,149,60
361.810,146,59
361.920,145,57
362.030,148,55
362.150,153,56
362.260,156,57
362.390,155,55
362.500,154,55
362.610,154,55
362.730,154,55
362.850,154,55
362.960,153,55
363.080,153,55
363.190,153,56
363.310,153,56
363.420,153,56
363.530,153,56
363.640,153,56
363.760,152,55
363.880,152,55
363.990,152,56
364.110,152,56
364.220,150,55
364.350,152,55
364.470,152,55
364.590,153,55
364.690,153,55
364.810,154,55
364.940,154,54
365.050,153,54
365.160,153,55
365.280,153,55
365.400,153,54
365.520,153,54
365.630,153,54
365.750,152,55
365.860,153,56
365.980,152,57
366.100,152,57
366.220,153,56
366.330,152,56
366.450,151,57
366.560,150,57
366.670,151,57
366.790,151,57
366.910,150,56
367.030,150,55
367.140,150,56
367.250,150,56
367.360,151,55
367.490,151,56
367.600,150,55
367.710,150,55
367.830,151,56
367.940,151,56
368.060,151,56
368.160,153,56
368.280,153,57
368.390,153,56
368.510,152,55
368.620,152,54
368.740,151,55
368.860,152,56
368.960,153,56
369.080,153,55
369.210,153,55
369.340,153,55
369.450,154,55
369.560,153,55
369.670,153,55
369.790,153,55
369.910,153,54
370.030,152,54
370.140,152,54
370.260,152,55
370.370,152,55
370.490,153,55
370.610,152,54
370.720,152,54
370.840,151,54
370.950,151,54
371.070,151,53
371.190,150,53
371.300,151,53
371.410,151,53
371.520,151,53
371.640,151,54
371.750,152,54
371.870,153,53
371.980,152,53
372.100,152,53
372.210,152,54
372.330,152,54
372.450,152,54
372.570,152,54
372.690,152,54
372.800,152,54
372.920,151,53
373.030,152,54
373.150,152,54
373.260,152,55
373.380,152,55
373.500,153,54
373.610,153,54
373.720,153,54
373.840,153,54
373.960,153,54
374.080,152,55
374.200,153,53
374.320,153,54
374.440,153,55
374.550,152,56
374.670,151,56
374.790,151,56
374.910,153,56
375.030,152,56
375.140,150,55
375.260,151,55
375.380,152,56
375.500,151,56
375.620,151,55
375.730,152,56
375.840,152,56
375.960,152,54
376.080,152,54
376.200,152,55
376.320,152,56
376.440,153,56
376.540,153,57
376.650,154,57
376.770,153,57
376.880,153,57
376.990,153,57
377.110,153,57
377.230,153,57
377.340,153,57
377.460,154,57
377.580,155,58
377.700,155,59
377.820,155,60
377.940,156,60
378.060,157,60
378.180,157,59
378.290,156,59
378.400,157,59
378.520,158,59
378.630,158,59
378.750,158,59
378.870,158,58
378.990,158,58
379.110,157,59
379.220,157,59
379.330,157,59
379.440,158,59
379.560,158,59
379.680,158,58
379.790,158,58
379.900,158,58
380.030,157,58
380.140,157,58
380.250,157,58
380.360,156,58
380.490,157,59
380.610,158,57
380.730,157,57
380.850,158,58
380.960,158,58
381.080,158,58
381.190,158,58
381.310,158,58
381.430,158,59
381.530,158,58
381.650,157,59
381.770,157,59
381.880,158,60
381.990,157,60
382.110,157,61
382.230,157,61
382.350,157,60
382.470,157,60
382.590,157,60
382.710,157,59
382.830,156,58
382.950,157,57
383.060,157,57
383.170,156,57
383.280,156,57
383.390,156,57
383.500,157,56
383.630,157,56
383.740,157,57
383.870,157,57
383.990,156,58
384.110,156,58
384.230,156,58
384.340,156,58
384.460,156,59
384.570,156,59
384.690,156,58
384.800,155,58
384.910,156,58
385.030,156,58
385.140,156,58
385.260,156,58
385.370,156,58
385.480,156,57
385.590,155,57
385.710,154,58
385.830,154,58
385.940,155,59
386.050,155,58
386.170,155,58
386.290,155,58
386.400,155,58
386.510,155,58
386.630,155,58
386.750,155,59
386.870,154,59
386.990,155,59
387.100,155,59
387.220,155,60
387.330,154,59
387.450,155,59
387.560,155,60
387.670,154,59
387.780,154,59
387.910,155,60
388.020,154,60
388.140,155,60
388.260,156,60
388.370,155,59
388.480,155,59
388.600,156,59
388.710,157,60
388.830,156,60
388.940,156,60
389.050,156,59
389.160,156,59
389.270,155,59
389.400,155,59
389.510,155,59
389.630,156,59
389.740,155,59
389.860,155,59
389.980,156,59
390.090,155,59
390.200,155,59
390.320,156,59
390.430,156,59
390.550,156,58
390.660,156,59
390.780,156,59
390.900,156,59
391.010,156,60
391.140,156,60
391.260,156,60
391.380,156,59
391.490,156,60
391.600,155,60
391.710,155,60
391.830,155,60
391.950,155,60
392.060,156,61
392.180,156,61
392.300,156,61
392.410,156,61
392.530,156,60
392.640,156,60
392.750,156,59
392.870,156,60
392.980,156,59
393.090,156,59
393.210,156,59
393.330,156,59
393.450,156,59
393.570,156,59
393.690,157,59
393.800,156,59
393.920,156,59
394.040,156,59
394.150,157,58
394.260,157,57
394.370,157,57
394.490,157,57
394.610,156,58
394.720,156,57
394.840,157,57
394.960,158,57
395.080,157,58
395.190,158,58
395.300,157,58
395.420,157,58
395.530,157,58
395.640,158,59
395.750,159,58
395.870,159,58
395.980,158,58
396.090,158,58
396.200,158,57
396.330,158,57
396.450,157,57
396.560,158,57
396.680,157,57
396.800,157,58
396.930,156,58
397.040,156,58
397.160,157,57
397.280,157,56
397.400,157,57
397.520,157,57
397.640,157,56
397.760,157,57
397.880,157,57
397.990,157,58
398.110,157,58
398.220,157,58
398.330,158,57
398.440,157,58
398.550,157,58
398.670,157,58
398.780,157,58
398.900,157,57
399.020,156,57
399.130,156,56
399.240,156,55
399.360,156,55
399.480,156,55
399.590,156,55
399.710,156,56
399.830,155,56
399.940,155,56
400.060,156,55
400.180,156,55
400.300,156,56
400.410,156,57
400.530,156,57
400.640,155,57
400.750,156,56
400.860,156,57
400.970,156,57
401.090,156,57
401.210,156,56
401.320,156,55
401.430,156,56
401.550,156,56
401.670,156,55
401.780,157,56
401.900,157,57
402.010,156,58
402.130,155,58
402.240,156,56
402.360,156,56
402.480,156,57
402.600,155,58
402.710,156,58
402.830,156,58
402.950,156,58
403.060,156,58
403.170,156,57
403.290,156,58
403.410,157,58
403.530,157,58
403.640,157,58
403.760,157,58
403.880,157,58
404.000,156,59
404.120,156,59
404.230,157,58
404.350,157,59
404.450,157,59
404.570,157,59
404.690,157,59
404.800,157,58
404.920,158,57
405.040,158,57
405.150,158,57
405.270,158,56
405.380,158,56
405.490,158,56
405.610,157,56
405.730,158,56
405.840,157,56
405.950,157,56
406.060,157,55
406.170,157,55
406.290,157,57
406.420,155,58
406.530,155,58
406.650,155,58
406.760,156,59
406.880,156,59
406.990,156,59
407.120,159,59
407.230,159,61
407.340,160,61
407.450,160,61
407.570,160,61
407.680,161,61
407.800,162,62
407.920,162,62
408.030,162,62
408.150,162,62
408.270,161,62
408.390,161,62
408.500,161,62
408.620,161,62
408.740,161,62
408.860,161,62
408.980,161,62
409.100,161,62
409.210,161,62
409.330,161,62
409.450,161,62
409.570,161,62
409.690,161,62
409.800,161,62
409.920,161,62
410.040,161,62
410.150,161,62
410.270,161,62
410.380,161,62
410.500,161,62
410.610,161,62
410.730,161,62
410.840,164,63
410.960,165,63
411.080,165,65
411.190,165,66
411.310,165,66
411.420,165,65
411.540,165,65
411.660,165,64
411.780,165,65
411.900,165,65
412.020,165,63
412.140,166,65
412.250,166,72
412.370,165,91
412.490,163,100
412.600,162,108
412.710,160,112
412.820,160,115
412.940,159,116
413.060,158,117
413.170,156,117
413.280,155,117
413.400,155,116
413.520,153,114
413.620,152,112
413.740,152,111
413.850,152,110
413.960,153,110
414.090,156,112
414.200,156,112
414.310,152,107
414.430,148,99
414.540,146,88
414.650,145,83
414.760,144,83
414.880,144,82
415.000,146,78
415.110,146,77
415.230,145,75
415.350,145,74
415.470,146,74
415.590,146,75
415.700,148,77
415.830,150,79
415.940,153,79
416.050,155,80
416.170,157,83
416.280,160,85
416.400,169,88
416.510,183,92
416.620,192,96
416.740,209,95
416.860,224,92
416.970,239,89
417.090,243,88
417.210,244,90
417.320,244,91
417.430,244,92
417.550,244,93
417.680,245,97
417.800,245,98
417.910,245,97
418.030,249,100
418.150,261,108
418.250,276,118
418.370,295,133
418.490,308,145
418.610,324,163
418.730,335,175
418.850,348,189
418.970,360,201
419.080,364,206
419.190,364,208
419.310,365,208
419.420,365,208
419.550,365,209
419.670,364,210
419.790,363,207
419.900,364,206
420.010,366,210
420.130,374,221
420.240,383,229
420.360,395,242
420.470,403,251
420.590,406,257
420.700,412,262
420.810,415,270
420.920,423,283
421.040,424,289
421.160,424,295
421.270,425,299
421.380,424,296
421.500,424,297
421.610,422,311
421.730,421,318
421.850,420,320
421.960,421,322
422.080,422,322
422.190,421,322
422.310,422,323
422.420,422,322
422.530,422,322
422.650,421,322
422.760,421,322
422.870,422,322
423.000,421,323
423.120,421,323
423.230,421,322
423.350,421,321
423.470,422,322
423.580,422,322
423.690,421,321
423.810,421,321
423.920,420,320
424.040,420,320
424.150,421,321
424.270,420,321
424.380,420,323
424.500,422,324
424.630,422,324
424.740,422,325
424.860,422,325
424.970,422,324
425.090,422,324
425.200,422,324
425.310,422,324
425.430,422,324
425.540,422,324
425.670,422,324
425.780,423,324
425.900,422,324
426.010,422,323
426.120,422,322
426.230,420,323
426.350,419,325
426.460,417,326
426.570,416,328
426.690,416,330
426.800,416,330
426.910,417,330
427.030,417,331
427.150,416,332
427.260,416,333
427.380,415,333
427.490,415,333
427.600,415,333
427.710,415,333
427.840,415,333
427.960,415,333
428.080,415,333
428.200,415,333
428.320,415,333
428.440,415,333
428.550,415,333
428.660,415,333
428.780,415,330
428.890,416,327
429.000,416,326
429.130,414,324
429.250,408,320
429.360,402,318
429.480,401,316
429.590,400,316
429.720,396,315
429.840,385,313
429.960,372,312
430.080,353,312
430.200,331,312
430.310,317,312
430.430,307,313
430.550,292,312
430.660,274,311
430.770,257,312
430.890,240,313
431.010,218,317
431.120,208,319
431.240,201,319
431.360,199,319
431.480,200,319
431.590,200,318
431.710,199,318
431.830,200,318
431.940,201,318
432.050,201,318
432.170,202,318
432.280,202,318
432.390,202,318
432.510,200,317
432.630,187,315
432.750,176,315
432.870,165,316
432.980,158,317
433.090,156,317
433.210,155,318
433.330,153,316
433.440,153,314
433.550,153,313
433.660,152,312
433.780,150,312
433.900,148,311
434.020,146,311
434.130,145,310
434.250,145,311
434.370,145,311
434.480,145,311
434.600,145,311
434.720,145,311
434.830,145,312
434.940,145,312
435.060,145,312
435.180,145,312
435.290,145,312
435.400,145,312
435.510,145,312
435.620,144,313
435.730,149,313
435.850,151,312
435.970,155,311
436.080,154,311
436.200,153,310
436.320,151,306
436.440,151,305
436.550,151,306
436.670,151,307
436.770,151,307
436.900,150,305
437.020,150,300
437.130,151,286
437.250,151,282
437.360,150,285
437.480,150,286
437.590,151,284
437.700,151,265
437.820,151,254
437.940,151,248
438.060,150,251
438.180,149,251
438.290,148,248
438.420,148,242
438.530,149,234
438.650,149,231
438.760,150,227
438.870,150,228
438.980,151,226
439.090,153,224
439.210,153,223
439.330,153,221
439.440,155,220
439.560,154,221
439.670,153,222
439.780,153,222
439.890,153,221
440.010,153,221
440.130,153,221
440.240,154,220
440.350,155,218
440.470,154,220
440.590,152,221
440.700,152,215
440.810,151,213
440.930,152,212
441.050,151,213
441.160,151,209
441.280,152,202
441.400,152,191
441.510,153,183
441.620,153,177
441.730,152,180
441.850,151,182
441.970,152,182
442.080,155,182
442.190,159,181
442.300,165,178
442.410,171,177
442.530,168,178
442.640,167,178
442.750,168,179
442.870,171,181
442.990,177,182
443.110,186,186
443.230,193,189
443.350,203,192
443.460,209,196
443.580,209,197
443.700,216,204
443.820,223,211
443.940,231,217
444.060,239,224
444.180,249,232
444.290,253,232
444.400,262,233
444.520,271,234
444.630,274,234
444.740,273,233
444.850,275,232
444.970,282,228
445.090,294,223
445.210,305,215
445.330,314,209
445.450,327,202
445.570,339,195
445.690,350,192
445.800,366,186
445.920,376,184
446.030,390,179
446.140,398,176
446.250,402,172
446.370,413,159
446.490,420,144
446.600,424,122
446.710,425,105
446.820,425,90
446.940,425,76
447.050,424,68
447.170,426,63
447.280,426,63
447.410,425,64
447.520,426,61
447.630,426,62
447.750,425,61
447.870,424,60
447.980,425,61
448.090,425,61
448.200,425,61
448.320,425,61
448.440,425,61
448.550,425,61
448.660,425,61
448.780,425,61
448.890,425,61
449.010,425,61
449.120,425,61
449.240,425,58
449.360,425,58
449.470,426,60
449.590,425,62
449.700,426,64
449.830,427,65
449.950,427,66
450.060,428,65
450.170,427,65
450.290,428,63
450.400,428,62
450.520,428,62
450.630,428,62
450.760,428,62
450.870,428,62
450.990,427,63
451.110,428,62
451.230,427,63
451.350,427,63
451.470,428,62
451.590,428,61
451.710,428,61
451.830,428,60
451.940,427,61
452.060,423,66
452.170,421,67
452.290,419,64
452.400,416,62
452.530,414,58
452.650,412,57
452.770,411,57
452.890,410,56
453.000,410,56
453.120,410,56
453.230,410,56
453.350,410,56
453.460,411,57
453.570,411,57
453.690,411,57
453.810,411,58
453.930,412,59
454.050,413,60
454.160,415,59
454.290,418,57
454.400,418,59
454.510,418,60
454.620,417,60
454.730,417,61
454.850,417,62
454.970,417,62
455.090,417,62
455.200,417,63
455.310,417,63
455.430,417,65
455.540,417,66
455.660,418,66
455.770,419,66
455.890,421,67
456.000,421,67
456.120,421,67
456.230,421,66
456.340,421,66
456.460,421,67
456.570,420,66
456.690,420,66
456.810,419,66
456.930,419,66
457.050,419,66
457.160,420,65
457.280,418,67
457.400,416,68
457.510,419,67
457.630,420,64
457.750,421,64
457.870,421,65
457.980,421,68
458.100,421,68
458.220,421,69
458.340,422,76
458.450,422,85
458.570,422,89
458.690,419,103
458.800,417,116
458.920,415,133
459.030,415,155
459.150,415,173
459.260,417,191
459.390,420,213
459.510,421,229
459.630,423,248
459.740,424,256
459.850,423,264
459.970,423,282
460.080,423,300
460.190,422,309
460.310,422,315
460.420,420,319
460.530,419,321
460.650,419,321
460.770,420,321
460.880,420,321
460.990,420,322
461.110,419,322
461.230,419,323
461.350,420,323
461.460,421,321
461.580,422,323
461.710,423,325
461.820,422,324
461.950,422,324
462.060,422,324
462.180,422,325
462.300,422,324
462.410,422,324
462.530,422,322
462.650,422,321
462.760,417,324
462.880,411,326
462.990,408,326
463.110,408,326
463.230,412,324
463.350,412,322
463.460,410,319
463.570,408,314
463.690,408,298
463.810,410,284
463.930,415,259
464.040,419,237
464.160,421,210
464.270,421,188
464.390,420,159
464.500,418,139
464.610,415,121
464.730,411,103
464.850,409,97
464.960,407,96
465.080,407,96
465.190,409,97
465.310,410,97
465.420,409,97
465.540,409,97
465.650,409,97
465.770,409,97
465.880,409,97
466.010,409,98
466.120,405,98
466.240,402,96
466.350,396,92
466.470,380,87
466.590,365,82
466.710,355,78
466.820,343,70
466.940,338,66
467.050,337,65
467.170,338,67
467.290,340,68
467.410,342,70
467.520,341,70
467.630,341,70
467.750,342,69
467.870,342,69
467.990,343,66
468.110,340,64
468.240,333,59
468.340,327,57
468.460,320,54
468.580,315,55
468.700,302,54
468.820,281,55
468.940,265,56
469.060,241,55
469.170,220,54
469.280,194,53
469.400,178,52
469.520,168,52
469.630,167,53
469.750,168,53
469.860,168,53
469.980,168,53
470.090,168,53
470.200,169,53
470.330,161,51
470.440,154,51
470.560,154,52
470.680,154,52
470.790,154,52
470.900,154,52
471.020,155,51
471.130,154,51
471.250,154,51
471.360,154,51
471.480,154,51
471.590,154,51
471.710,154,51
471.830,154,51
471.940,154,51
472.060,154,51
472.180,154,51
472.290,156,52
472.400,154,53
472.510,152,55
472.630,151,54
472.750,152,54
472.860,152,55
472.970,152,54
473.090,152,55
473.200,152,54
473.310,152,56
473.430,152,58
473.550,150,63
473.660,148,78
473.790,146,86
473.900,146,88
474.020,148,87
474.140,148,86
474.260,148,87
474.370,147,89
474.490,147,91
474.600,147,93
474.710,146,93
474.830,145,91
474.940,146,89
475.050,145,87
475.170,144,85
475.300,144,82
475.410,144,80
475.530,145,79
475.640,146,80
475.760,146,79
475.870,146,79
476.000,145,73
476.110,145,64
476.230,145,62
476.350,145,62
476.460,147,62
476.590,147,61
476.700,147,61
476.820,147,61
476.950,147,61
477.070,147,60
477.190,147,61
477.300,147,60
477.420,147,60
477.540,147,60
477.660,148,60
477.780,147,60
477.900,147,60
478.010,148,60
478.130,148,60
478.240,147,60
478.370,148,61
478.480,148,61
478.600,148,61
478.720,149,61
478.830,149,61
478.950,149,61
479.060,149,61
479.170,149,61
479.290,149,62
479.390,148,62
479.510,148,62
479.620,148,60
479.740,148,59
479.850,148,58
479.960,150,56
480.080,151,55
480.200,152,55
480.310,152,55
480.420,151,55
480.540,151,55
480.650,151,55
480.760,151,55
480.880,151,55
480.990,151,55
481.110,151,55
481.220,151,56
481.330,151,56
481.450,151,56
481.570,151,55
481.690,151,55
481.810,152,55
481.930,152,54
482.040,152,55
482.160,152,55
482.290,152,55
482.410,152,55
482.530,152,55
482.650,152,55
482.770,152,55
482.890,152,55
483.000,152,55
483.120,152,55
483.230,152,54
483.350,152,54
483.470,152,54
483.580,152,54
483.700,152,55
483.810,152,54
483.920,152,54
484.040,151,54
484.150,152,54
484.270,151,54
484.390,151,54
484.500,151,55
484.610,151,54
484.720,151,55
484.840,151,55
484.960,151,55
485.080,151,56
485.200,153,56
485.310,154,55
485.440,155,55
485.560,156,54
485.670,156,53
485.790,156,52
485.910,156,52
486.020,156,51
486.130,156,51
486.250,156,51
486.360,156,51
486.470,155,51
486.590,155,51
486.700,156,50
486.820,156,51
486.940,156,51
487.050,156,51
487.170,156,51
487.290,155,51
487.400,155,51
487.520,155,51
487.630,155,51
487.740,155,51
487.860,155,51
487.970,155,51
488.080,154,51
488.190,154,51
488.310,153,51
488.420,153,51
488.540,153,50
488.650,152,50
488.760,152,50
488.880,152,51
488.990,152,51
489.100,152,51
489.220,152,51
489.330,154,53
489.460,157,57
489.590,159,57
489.700,161,57
489.820,168,58
489.930,170,58
490.050,167,58
490.160,167,58
490.270,167,58
490.380,167,58
490.500,167,57
490.610,167,57
490.740,166,57
490.860,166,62
490.970,164,70
491.090,162,77
491.200,159,82
491.320,156,91
491.430,152,99
491.550,150,118
491.670,148,134
491.780,147,159
491.910,146,182
492.010,147,198
492.130,147,209
492.250,147,222
492.370,147,236
492.480,147,260
492.600,147,278
492.730,145,294
492.840,145,304
492.960,144,312
493.080,145,312
493.190,146,314
493.300,147,318
493.410,147,322
493.530,148,323
493.630,148,323
493.750,148,324
493.870,148,324
493.980,147,324
494.100,148,321
494.220,147,320
494.340,147,320
494.450,147,319
494.560,147,319
494.670,147,319
494.780,147,319
494.900,147,319
495.020,147,319
495.130,147,319
495.250,147,320
495.360,147,322
495.480,147,324
495.600,147,325
495.720,147,324
495.830,147,324
495.950,147,322
496.070,147,323
496.180,148,323
496.280,148,323
496.390,149,324
496.510,149,326
496.620,149,326
496.740,149,325
496.860,149,325
496.980,148,323
497.090,148,323
497.210,148,324
497.320,147,325
497.430,145,327
497.540,145,328
497.660,145,330
497.780,145,330
497.890,145,330
498.000,145,329
498.110,145,330
498.240,145,330
498.350,145,330
498.460,145,330
498.570,145,330
498.690,145,330
498.810,145,330
498.920,145,327
499.040,147,324
499.160,146,323
499.270,147,323
499.390,148,324
499.510,154,325
499.620,160,326
499.730,166,326
499.850,169,326
499.970,169,326
500.090,169,326
500.210,169,326
500.330,169,326
500.450,169,325
500.560,169,326
500.680,169,325
500.790,169,325
500.910,169,325
501.020,171,321
501.130,172,318
501.240,173,311
501.350,174,295
501.470,173,283
501.590,168,265
501.710,165,253
501.820,162,237
501.950,161,221
502.070,158,209
502.180,155,200
502.300,157,200
502.420,157,200
502.520,157,199
502.640,159,196
502.750,162,196
502.860,162,195
502.980,161,182
503.100,161,164
503.210,161,138
503.330,160,120
503.440,155,99
503.560,152,84
503.680,149,73
503.790,148,70
503.900,149,68
504.020,150,67
504.130,150,66
504.250,149,63
504.370,149,57
504.480,150,56
504.600,150,54
504.720,149,55
504.850,150,58
504.960,151,60
505.080,151,60
505.200,151,60
505.310,150,60
505.430,149,59
505.550,149,59
505.660,148,57
505.770,148,56
505.890,148,56
506.010,149,54
506.120,150,52
506.240,151,51
506.360,151,51
506.470,151,51
506.580,151,50
506.700,151,50
506.810,152,50
506.920,152,50
507.050,152,50
507.160,153,50
507.270,152,50
507.390,153,50
507.510,153,50
507.630,153,50
507.740,154,50
507.860,154,50
507.970,155,51
508.100,157,54
508.210,165,60
508.320,173,65
508.450,181,70
508.560,186,72
508.680,193,74
508.790,195,74
508.910,196,76
509.030,195,77
509.140,194,77
509.260,193,78
509.380,190,78
509.490,189,78
509.600,187,80
509.730,185,79
509.840,184,76
509.950,182,75
510.080,181,75
510.190,180,75
510.310,179,75
510.420,178,74
510.540,177,74
510.660,180,76
510.770,177,76
510.900,168,74
511.010,159,67
511.120,155,62
511.240,154,62
511.350,154,62
511.460,154,62
511.570,154,63
511.680,156,63
511.810,158,63
511.920,159,63
512.040,158,63
512.160,158,63
512.280,158,63
512.390,158,63
512.510,158,63
512.630,158,63
512.740,159,64
512.860,161,64
512.980,165,60
513.090,167,58
513.220,168,57
513.340,168,56
513.450,172,56
513.570,174,55
513.680,175,54
513.800,177,53
513.910,178,51
514.030,178,52
514.140,178,51
514.260,178,51
514.370,179,51
514.490,179,51
514.610,180,50
514.720,179,51
514.840,179,51
514.960,180,51
515.070,180,51
515.180,180,51
515.300,178,53
515.420,176,55
515.550,175,56
515.660,175,57
515.780,175,60
515.900,172,60
516.010,169,60
516.130,166,59
516.240,158,59
516.360,153,58
516.480,153,57
516.590,153,56
516.710,153,56
516.820,153,56
516.940,152,56
517.070,153,57
517.180,153,57
517.300,153,57
517.410,153,57
517.510,153,57
517.620,153,57
517.730,150,58
517.840,148,59
517.960,147,58
518.070,144,58
518.190,144,58
518.310,145,57
518.430,144,57
518.540,144,57
518.650,144,57
518.760,144,57
518.880,144,57
518.990,144,56
519.100,144,55
519.210,144,55
519.330,145,57
519.440,148,58
519.560,152,61
519.670,153,66
519.780,152,72
519.890,151,78
520.000,153,87
520.120,153,97
520.240,154,109
520.360,153,117
520.480,153,125
520.600,153,127
520.710,152,124
520.820,152,122
520.940,153,122
521.050,152,123
521.160,153,122
521.280,152,124
521.390,150,135
521.510,148,153
521.620,146,168
521.750,146,177
521.860,145,177
521.980,147,176
522.100,147,176
522.220,146,178
522.330,145,183
522.440,146,186
522.560,145,191
522.680,145,197
522.790,145,202
522.920,145,207
523.030,147,210
523.150,147,211
523.270,145,212
523.380,145,211
523.490,145,211
523.610,145,211
523.730,145,210
523.850,145,208
523.960,144,208
524.070,144,208
524.180,143,208
524.290,143,208
524.410,143,207
524.520,143,207
524.640,143,207
524.750,145,205
524.870,147,204
524.980,148,206
525.100,151,213
525.220,152,220
525.340,156,232
525.450,158,238
525.560,161,242
525.680,162,243
525.810,165,244
525.920,169,245
526.030,179,250
526.150,186,253
526.260,193,259
526.380,205,273
526.490,211,284
526.600,217,292
526.730,219,298
526.850,224,305
526.950,226,310
527.070,227,310
527.200,227,309
527.310,226,308
527.440,226,308
527.550,226,308
527.660,226,308
527.780,226,308
527.890,225,310
528.020,226,309
528.150,227,310
528.260,227,310
528.390,228,310
528.510,229,309
528.620,234,311
528.740,248,316
528.860,259,318
528.970,272,320
529.090,281,321
529.200,290,325
529.320,296,325
529.440,300,326
529.560,302,327
529.670,302,326
529.790,300,327
529.890,299,327
530.000,298,329
530.120,298,331
530.230,299,332
530.340,299,333
530.470,299,333
530.590,299,333
530.700,300,334
530.810,301,334
530.930,302,334
531.050,302,334
531.160,302,334
531.280,300,332
531.400,299,330
531.520,301,328
531.630,309,327
531.750,316,327
531.870,332,325
531.990,348,325
532.110,368,326
532.230,385,328
532.350,397,330
532.470,405,330
532.590,405,329
532.700,405,329
532.810,405,329
532.930,405,329
533.050,405,329
533.180,413,330
533.290,415,330
533.400,416,332
533.520,418,332
533.640,421,331
533.760,422,331
533.880,423,332
534.010,423,332
534.130,422,332
534.250,422,332
534.370,421,332
534.480,422,332
534.590,422,332
534.710,423,332
534.820,423,332
534.940,423,332
535.050,423,332
535.160,423,331
535.280,424,331
535.380,424,331
535.500,425,332
535.610,424,331
535.730,423,331
535.840,420,331
535.960,419,330
536.070,416,330
536.190,415,328
536.300,415,328
536.410,417,324
536.520,418,320
536.640,419,310
536.750,417,299
536.870,414,280
536.990,413,263
537.100,413,246
537.210,415,226
537.330,418,205
537.450,421,191
537.560,422,181
537.670,423,167
537.790,425,153
537.900,424,150
538.020,423,151
538.130,423,152
538.250,424,151
538.360,425,150
538.480,427,149
538.590,427,149
538.710,427,148
538.830,427,148
538.940,426,149
539.050,425,148
539.170,422,150
539.280,419,147
539.390,417,136
539.500,413,117
539.620,413,103
539.730,414,86
539.850,415,78
539.970,416,77
540.080,417,78
540.190,417,78
540.300,416,79
540.420,416,80
540.540,416,80
540.650,416,80
540.770,416,80
540.880,417,80
540.990,417,80
541.110,416,80
541.220,417,80
541.340,417,80
541.450,416,80
541.570,416,80
541.680,416,80
541.800,416,79
541.910,415,78
542.020,415,78
542.140,415,78
542.260,417,79
542.380,416,81
542.490,416,81
542.600,417,82
542.720,417,81
542.830,418,81
542.950,417,81
543.060,417,81
543.170,417,81
543.290,417,81
543.400,417,79
543.530,418,73
543.640,420,65
543.760,421,61
543.870,422,60
543.990,422,60
544.110,421,61
544.230,421,63
544.350,421,63
544.460,420,63
544.580,420,64
544.700,420,64
544.820,420,63
544.930,421,64
545.040,421,64
545.160,420,64
545.280,420,65
545.390,420,66
545.510,422,62
545.610,423,61
545.720,423,61
545.840,423,61
545.960,422,62
546.080,420,63
546.190,419,64
546.300,419,64
546.410,419,64
546.530,418,63
546.660,416,62
546.780,412,58
546.890,405,56
547.010,400,56
547.130,392,53
547.230,388,53
547.340,385,53
547.460,385,53
547.570,386,53
547.690,387,53
547.810,387,54
547.920,387,54
548.030,388,54
548.150,387,52
548.260,386,51
548.370,386,52
548.490,388,53
548.600,391,55
548.710,393,55
548.830,395,55
548.950,397,55
549.060,403,55
549.180,411,53
549.300,417,54
549.410,420,53
549.520,422,53
549.630,423,53
549.740,424,53
549.860,426,52
549.980,426,52
550.100,425,52
550.210,425,52
550.340,426,52
550.450,426,52
550.570,427,51
550.680,427,52
550.800,426,53
550.910,426,54
551.020,427,54
551.130,428,55
551.250,428,55
551.370,427,55
551.480,421,55
551.600,418,55
551.710,419,57
551.830,418,65
551.950,418,69
552.060,417,69
552.170,417,70
552.290,410,73
552.400,397,76
552.510,383,78
552.630,360,78
552.750,345,79
552.860,328,82
552.960,305,85
553.080,290,87
553.210,275,88
553.320,266,87
553.430,249,84
553.550,243,83
553.660,232,81
553.780,215,74
553.880,210,73
554.000,210,73
554.110,210,74
554.230,211,75
554.340,211,76
554.460,210,77
554.580,204,82
554.690,198,90
554.800,194,95
554.920,189,101
555.040,184,112
555.150,180,126
555.260,177,137
555.390,174,146
555.510,171,156
555.630,171,160
555.740,171,159
555.860,170,159
555.970,168,159
556.090,167,159
556.200,168,159
556.330,169,160
556.440,169,160
556.550,166,163
556.660,157,173
556.780,155,177
556.910,152,188
557.030,148,208
557.150,148,223
557.250,149,240
557.370,148,262
557.490,148,280
557.610,148,286
557.730,151,286
557.840,151,286
557.960,152,288
558.080,152,294
558.190,151,307
558.300,152,314
558.420,152,319
558.540,152,320
558.650,153,320
558.760,154,322
558.870,154,322
558.990,154,323
559.110,154,323
559.220,154,323
559.350,154,322
559.470,153,321
559.580,152,322
559.700,151,325
559.810,149,326
559.930,150,326
560.050,150,326
560.160,151,326
560.280,151,326
560.390,151,326
560.500,151,326
560.620,150,326
560.730,150,326
560.840,151,326
560.950,150,325
561.080,150,325
561.190,150,325
561.310,150,325
561.420,149,326
561.540,149,327
561.660,148,328
561.780,148,328
561.890,147,329
562.010,146,330
562.130,146,330
562.240,146,330
562.360,146,330
562.480,146,329
562.600,147,329
562.720,149,326
562.840,149,323
562.960,149,320
563.080,151,318
563.200,152,313
563.320,152,303
563.430,157,288
563.550,160,278
563.660,164,269
563.780,167,262
563.900,172,250
564.010,176,242
564.130,182,232
564.250,187,223
564.360,187,218
564.480,186,221
564.600,186,221
564.720,190,216
564.830,196,210
564.940,200,204
565.050,208,196
565.170,214,190
565.290,226,184
565.400,237,178
565.520,243,175
565.640,246,174
565.750,251,174
565.860,260,172
565.990,267,170
566.110,269,171
566.230,267,171
566.350,266,170
566.470,266,171
566.580,269,173
566.700,275,177
566.810,280,181
566.930,284,182
567.040,287,186
567.160,289,190
567.270,289,190
567.390,289,189
567.520,288,189
567.640,288,189
567.750,289,191
567.860,294,201
567.980,297,211
568.090,304,225
568.200,309,233
568.320,314,240
568.430,323,253
568.550,330,262
568.660,340,273
568.770,352,285
568.890,365,300
569.010,369,307
569.120,374,315
569.240,376,320
569.350,377,320
569.460,378,319
569.570,378,320
569.690,379,324
569.800,378,324
569.920,379,324
570.030,380,324
570.150,380,324
570.260,378,323
570.380,378,323
570.500,376,323
570.610,376,324
570.730,376,323
570.840,375,319
570.960,378,322
571.070,386,324
571.190,398,324
571.310,404,322
571.430,403,321
571.550,401,324
571.660,401,325
571.780,401,326
571.900,401,326
572.020,400,325
572.140,400,325
572.250,401,326
572.370,401,326
572.480,401,326
572.600,401,326
572.720,400,325
572.830,400,325
572.950,400,325
573.070,402,324
573.190,404,322
573.300,404,321
573.420,405,319
573.540,412,306
573.660,418,295
573.780,419,289
573.890,419,290
574.010,420,290
574.130,419,289
574.250,420,289
574.370,419,289
574.490,419,287
574.600,419,277
574.720,419,254
574.840,417,234
574.960,416,215
575.070,417,202
575.190,419,182
575.300,422,166
575.410,424,151
575.530,425,131
575.640,425,115
575.750,426,102
575.870,426,97
575.980,424,97
576.100,424,99
576.210,426,100
576.320,427,99
576.440,427,99
576.550,428,99
576.670,427,101
576.770,428,101
576.890,428,101
577.000,427,102
577.110,425,102
577.220,421,102
577.340,418,95
577.460,415,87
577.570,407,79
577.690,399,73
577.810,398,73
577.930,398,73
578.050,399,74
578.170,399,74
578.290,396,75
578.410,386,74
578.530,368,73
578.650,358,72
578.750,362,72
578.870,364,73
578.990,365,74
579.100,365,74
579.200,366,74
579.320,367,73
579.440,365,73
579.560,350,68
579.680,339,64
579.790,330,59
579.910,322,58
580.020,302,54
580.130,291,52
580.250,287,52
580.360,286,53
580.470,285,54
580.600,284,53
580.710,280,52
580.820,269,51
580.930,261,51
581.050,249,52
581.160,235,52
581.270,226,52
581.380,213,53
581.500,200,52
581.620,189,52
581.740,178,52
581.850,168,52
581.970,161,52
582.090,158,52
582.210,155,52
582.320,154,53
582.450,154,53
582.560,154,52
582.690,155,52
582.810,154,52
582.930,154,53
583.040,153,54
583.160,150,53
583.280,150,54
583.400,151,54
583.510,152,53
583.640,154,53
583.750,155,52
583.870,155,52
583.980,155,53
584.100,154,54
584.210,155,52
584.320,157,51
584.440,156,51
584.560,156,51
584.680,157,51
584.800,157,51
584.910,158,51
585.020,158,51
585.130,158,51
585.260,158,51
585.360,157,52
585.470,156,52
585.590,156,52
585.720,155,52
585.830,155,52
585.940,156,51
586.060,157,52
586.180,156,53
586.290,156,54
586.400,156,55
586.520,156,54
586.630,155,53
586.760,156,53
586.880,159,54
586.990,162,57
587.100,164,58
587.210,165,59
587.330,163,60
587.440,162,63
587.560,160,68
587.670,159,72
587.800,156,72
587.910,156,72
588.030,157,70
588.140,155,69
588.250,154,69
588.370,153,68
588.480,152,69
588.600,153,69
588.720,153,68
588.850,153,67
588.960,155,68
589.080,155,69
589.190,156,71
589.310,155,71
589.420,154,72
589.540,152,73
589.650,150,71
589.760,148,71
589.860,147,71
589.980,147,70
590.090,146,68
590.200,146,67
590.310,147,67
590.440,148,69
590.560,152,70
590.660,153,70
590.780,154,70
590.890,155,71
591.020,154,73
591.130,153,81
591.250,151,98
591.370,150,115
591.490,149,140
591.610,148,158
591.730,148,179
591.850,148,201
591.960,149,218
592.080,148,235
592.190,147,257
592.310,146,271
592.430,147,267
592.550,147,263
592.670,147,264
592.780,146,266
592.890,146,268
593.010,146,266
593.120,147,266
593.250,149,269
593.360,148,272
593.470,149,276
593.600,148,280
593.710,149,283
593.830,150,283
593.950,150,281
594.060,150,281
594.170,150,282
594.290,150,281
594.400,150,282
594.520,148,293
594.640,147,303
594.750,147,312
594.870,148,318
594.990,148,323
595.110,149,323
595.230,150,322
595.350,149,322
595.460,149,322
595.570,149,322
595.690,149,322
595.800,149,322
595.910,149,322
596.020,149,322
596.130,149,322
596.250,149,323
596.370,149,324
596.480,150,326
596.590,149,327
596.710,149,328
596.820,148,327
596.940,148,327
597.060,147,325
597.180,147,323
597.290,149,318
597.410,150,317
597.520,152,315
597.640,156,311
597.750,159,301
597.870,161,294
597.970,162,287
598.090,163,276
598.210,167,261
598.320,169,246
598.440,170,231
598.550,171,210
598.680,173,191
598.790,175,179
598.910,176,166
599.030,178,150
599.150,180,138
599.260,181,138
599.380,182,138
599.490,182,139
599.600,182,139
599.720,186,140
599.830,188,140
599.940,199,137
