Test,Animal,Tratamiento,Stage,Trial,Date,Time,Latencia,Distancia,Velocidad,TiempoSE,TiempoSO,TiempoNO,TiempoNE,EntradasNE,PromedioNE,EficienciaNE,EntradasSO,PromedioSO
5,1b,CUMS_ctrl,pre-entrenamiento 1 salida,1,12/16/2022,15:13:00,27.1,6.275,0.232,5.7,2.7,11.4,7.4,0,0.43,NA,0,0.584
6,2b,CUMS_ctrl,pre-entrenamiento 1 salida,1,12/16/2022,15:15:00,30.3,7.636,0.252,5.3,5,9.2,10.8,1,0.399,0.049,0,0.537
7,3b,CUMS_ctrl,pre-entrenamiento 1 salida,1,12/16/2022,15:18:00,13.2,3.275,0.247,2.1,0.1,6.3,4.8,0,0.367,NA,0,0.647
8,1-1,CUMS_ctrl,pre-entrenamiento 1 salida,1,12/16/2022,15:20:00,60,4.076,0.068,34.1,6.3,13.2,6.4,0,0.4,NA,0,0.613
9,2-1,CUMS_ctrl,pre-entrenamiento 1 salida,1,12/16/2022,15:21:00,11.5,2.246,0.196,3.6,0,0,7.8,1,0.254,0.405,0,0.641
10,3-1,CUMS_ctrl,pre-entrenamiento 1 salida,1,12/16/2022,15:25:00,55.3,10.104,0.183,9.4,6.6,23.1,16.2,0,0.421,NA,1,0.522
11,4-1,CUMS_ctrl,pre-entrenamiento 1 salida,1,12/16/2022,15:27:00,45.3,10.116,0.223,1.5,9.6,18.7,15.5,0,0.453,NA,0,0.564
1,1a,CUMS_Fluox,pre-entrenamiento 1 salida,1,12/16/2022,15:04:00,60,12.342,0.206,20.5,4.5,8.8,26.2,1,0.356,0.035,0,0.58
2,2a,CUMS_Fluox,pre-entrenamiento 1 salida,1,12/16/2022,15:06:00,9.4,1.556,0.165,0,0,2.5,6.9,0,0.304,NA,0,0.73
3,3a,CUMS_Fluox,pre-entrenamiento 1 salida,1,12/16/2022,15:07:00,46.3,11.319,0.244,11.4,13.4,9.9,11.5,0,0.461,NA,0,0.426
4,4a,CUMS_Fluox,pre-entrenamiento 1 salida,1,12/16/2022,15:09:00,9,1.738,0.192,0.8,0.9,1.8,5.6,1,0.262,0.299,0,0.618
12,1-2,CUMS_Fluox,pre-entrenamiento 1 salida,1,12/16/2022,15:31:00,47.9,8.039,0.168,3.4,0,8.9,35.7,0,0.274,NA,0,0.709
13,2-2,CUMS_Fluox,pre-entrenamiento 1 salida,1,12/16/2022,15:32:00,60,11.701,0.195,12.9,6.9,11.5,28.7,1,0.374,0.113,1,0.607
14,3-2,CUMS_Fluox,pre-entrenamiento 1 salida,1,12/16/2022,15:35:00,9.2,1.485,0.162,0,0,3.9,5.2,0,0.388,NA,0,0.678
15,4-2,CUMS_Fluox,pre-entrenamiento 1 salida,1,12/16/2022,15:36:00,35.4,7.124,0.201,4.7,10,8.1,12.6,0,0.457,NA,0,0.525
32,1b,CUMS_ctrl,entrenamiento_1,1,12/19/2022,15:15:00,60,12.676,0.211,28.5,20.6,7.7,3.2,0,0.621,NA,0,0.416
33,1b,CUMS_ctrl,entrenamiento_1,2,12/19/2022,15:17:00,31,5.304,0.171,11.8,0,0,19.2,1,0.296,0.058,0,0.679
34,1b,CUMS_ctrl,entrenamiento_1,3,12/19/2022,15:18:00,14.4,2.089,0.145,3.8,9.2,0,1.4,1,0.633,0.381,0,0.25
35,1b,CUMS_ctrl,entrenamiento_1,4,12/19/2022,15:19:00,45.1,7.996,0.177,4.9,9.1,8.7,22.5,1,0.351,0.045,0,0.537
36,2b,CUMS_ctrl,entrenamiento_1,1,12/19/2022,15:22:00,46.6,9.624,0.206,8.4,21.2,12.8,4.2,1,0.59,0.083,1,0.345
37,2b,CUMS_ctrl,entrenamiento_1,2,12/19/2022,15:23:00,21.7,4.639,0.214,4.3,3.7,5,8.7,1,0.402,0.043,0,0.492
38,2b,CUMS_ctrl,entrenamiento_1,3,12/19/2022,15:24:00,10.2,1.721,0.169,2.9,3.4,3.1,0.8,1,0.498,0.354,0,0.259
39,2b,CUMS_ctrl,entrenamiento_1,4,12/19/2022,15:25:00,13,1.938,0.15,3.2,0,2.5,7.3,1,0.323,0.19,0,0.645
40,3b,CUMS_ctrl,entrenamiento_1,1,12/19/2022,15:27:00,60,14.258,0.238,15.5,20.6,15.4,8.4,0,0.551,NA,0,0.388
41,3b,CUMS_ctrl,entrenamiento_1,2,12/19/2022,15:29:00,5.3,1.082,0.206,2,0,0,3.2,1,0.323,0.399,0,0.679
42,3b,CUMS_ctrl,entrenamiento_1,3,12/19/2022,15:30:00,3.4,0.37,0.109,0,0,0,3.4,1,0.226,0.9,0,0.752
43,3b,CUMS_ctrl,entrenamiento_1,4,12/19/2022,15:31:00,21.8,4.255,0.195,12.1,0,4,5.7,1,0.344,0.108,0,0.531
44,1-1,CUMS_ctrl,entrenamiento_1,1,12/19/2022,15:34:00,60,13.17,0.22,17.5,25.1,8.5,8.9,0,0.559,NA,2,0.402
45,1-1,CUMS_ctrl,entrenamiento_1,2,12/19/2022,15:36:00,17.1,3.484,0.204,5.9,2.4,4.1,4.7,1,0.403,0.089,0,0.496
46,1-1,CUMS_ctrl,entrenamiento_1,3,12/19/2022,15:37:00,60,12.524,0.209,5.1,10.5,15.6,28.8,0,0.387,NA,2,0.568
47,1-1,CUMS_ctrl,entrenamiento_1,4,12/19/2022,15:39:00,7.2,0.753,0.104,0,0,5.5,1.8,1,0.347,0.586,0,0.738
48,2-1,CUMS_ctrl,entrenamiento_1,1,12/19/2022,15:43:00,60,11.863,0.198,4.6,27.9,15.4,12.1,0,0.551,NA,4,0.382
49,2-1,CUMS_ctrl,entrenamiento_1,2,12/19/2022,15:44:00,16.1,3.253,0.202,1.9,6.6,3.8,3.8,1,0.478,0.146,0,0.396
50,2-1,CUMS_ctrl,entrenamiento_1,3,12/19/2022,15:45:00,59.9,12.193,0.204,11,18.2,12.9,17.9,1,0.426,0.052,2,0.409
51,2-1,CUMS_ctrl,entrenamiento_1,4,12/19/2022,15:47:00,5.7,0.787,0.137,0,0,0.5,5.2,1,0.2,0.485,0,0.772
52,3-1,CUMS_ctrl,entrenamiento_1,1,12/19/2022,15:49:00,60,13.367,0.223,14.7,20.1,17,8.2,0,0.556,NA,1,0.415
53,3-1,CUMS_ctrl,entrenamiento_1,2,12/19/2022,15:50:00,48.3,8.596,0.178,14,2.1,12.7,19.5,1,0.342,0.034,0,0.528
54,3-1,CUMS_ctrl,entrenamiento_1,3,12/19/2022,15:52:00,47.2,7.832,0.166,7.9,8.6,0,30.7,1,0.252,0.031,0,0.566
55,3-1,CUMS_ctrl,entrenamiento_1,4,12/19/2022,15:53:00,10.8,1.574,0.145,1.4,0,0.6,8.8,1,0.159,0.251,0,0.633
56,4-1,CUMS_ctrl,entrenamiento_1,1,12/19/2022,15:55:00,60,12.954,0.216,20.3,12.5,12,15.1,0,0.458,NA,0,0.462
57,4-1,CUMS_ctrl,entrenamiento_1,2,12/19/2022,15:57:00,13.5,2.701,0.199,1.5,0,2,10,1,0.174,0.089,0,0.65
58,4-1,CUMS_ctrl,entrenamiento_1,3,12/19/2022,15:58:00,16.4,3.662,0.224,5.2,1.4,2.4,7.4,1,0.27,0.201,0,0.528
59,4-1,CUMS_ctrl,entrenamiento_1,4,12/19/2022,15:59:00,2.3,0.313,0.136,0,0,0,2.3,1,0.191,0.922,0,0.81
16,1a,CUMS_Fluox,entrenamiento_1,1,12/19/2022,14:49:00,37.9,7.813,0.206,3.9,17,14.6,2.5,1,0.628,0.099,0,0.363
17,1a,CUMS_Fluox,entrenamiento_1,2,12/19/2022,14:50:00,18.1,3.861,0.213,7.5,2.1,3.6,5,1,0.416,0.083,1,0.509
18,1a,CUMS_Fluox,entrenamiento_1,3,12/19/2022,14:51:00,32.3,6.674,0.207,11.4,11.5,0.7,8.7,1,0.475,0.109,1,0.417
19,1a,CUMS_Fluox,entrenamiento_1,4,12/19/2022,14:52:00,60,11.517,0.192,10.3,26.6,12.9,10.2,0,0.529,NA,4,0.336
20,2a,CUMS_Fluox,entrenamiento_1,1,12/19/2022,14:56:00,60,12.893,0.215,13.7,33.3,12.1,0.9,0,0.628,NA,1,0.275
21,2a,CUMS_Fluox,entrenamiento_1,2,12/19/2022,14:58:00,22.4,3.831,0.171,10.5,0,0,11.8,1,0.278,0.069,0,0.608
22,2a,CUMS_Fluox,entrenamiento_1,3,12/19/2022,14:59:00,18.1,3.114,0.172,8.1,6.1,0,3.8,1,0.481,0.254,0,0.367
23,2a,CUMS_Fluox,entrenamiento_1,4,12/19/2022,15:01:00,60,15.475,0.258,10.2,13.8,22.1,13.8,0,0.461,NA,0,0.464
24,3a,CUMS_Fluox,entrenamiento_1,1,12/19/2022,15:03:00,32.5,7.394,0.227,10.6,7.1,2.9,12,1,0.39,0.043,1,0.501
25,3a,CUMS_Fluox,entrenamiento_1,2,12/19/2022,15:04:00,39.9,8.315,0.208,11.1,7.3,7.1,14.4,1,0.366,0.096,0,0.508
26,3a,CUMS_Fluox,entrenamiento_1,3,12/19/2022,15:05:00,12.5,2.412,0.193,1.7,3.2,6.6,1,1,0.397,0.155,0,0.454
27,3a,CUMS_Fluox,entrenamiento_1,4,12/19/2022,15:06:00,10,1.646,0.164,4.4,0,0.9,4.8,1,0.274,0.154,0,0.618
28,4a,CUMS_Fluox,entrenamiento_1,1,12/19/2022,15:07:00,60,12.244,0.204,20.6,28.1,7.7,3.6,0,0.647,NA,0,0.336
29,4a,CUMS_Fluox,entrenamiento_1,2,12/19/2022,15:10:00,6.5,0.939,0.145,1.6,0,0,4.8,1,0.207,0.381,0,0.78
30,4a,CUMS_Fluox,entrenamiento_1,3,12/19/2022,15:11:00,44.3,8.541,0.193,12.9,5.5,12.3,13.6,1,0.39,0.073,0,0.537
31,4a,CUMS_Fluox,entrenamiento_1,4,12/19/2022,15:12:00,4.4,0.537,0.121,0,0,0,4.4,1,0.231,0.572,0,0.801
60,1-2,CUMS_Fluox,entrenamiento_1,1,12/19/2022,16:02:00,60,13.927,0.232,18.6,20.7,10.2,10.4,0,0.568,NA,1,0.454
61,1-2,CUMS_Fluox,entrenamiento_1,2,12/19/2022,16:03:00,39.9,8.749,0.219,11,6.1,8.9,14,1,0.401,0.038,0,0.537
62,1-2,CUMS_Fluox,entrenamiento_1,3,12/19/2022,16:04:00,6,1.501,0.248,1.5,0,0,4.5,1,0.184,0.227,0,0.728
63,1-2,CUMS_Fluox,entrenamiento_1,4,12/19/2022,16:05:00,14.6,2.775,0.19,4.4,0.4,4.9,4.9,1,0.344,0.147,0,0.631
64,2-2,CUMS_Fluox,entrenamiento_1,1,12/19/2022,16:07:00,7,1.307,0.187,0,2.9,2.2,1.9,1,0.445,0.515,0,0.406
65,2-2,CUMS_Fluox,entrenamiento_1,2,12/19/2022,16:08:00,3.8,0.721,0.19,1.9,0,0,1.9,1,0.236,0.492,0,0.552
66,2-2,CUMS_Fluox,entrenamiento_1,3,12/19/2022,16:08:00,60,14.841,0.247,15.5,9.4,16.6,18.4,0,0.436,NA,0,0.492
67,2-2,CUMS_Fluox,entrenamiento_1,4,12/19/2022,16:10:00,16.7,3.237,0.193,2.6,2.1,1,11,1,0.232,0.107,0,0.543
68,3-2,CUMS_Fluox,entrenamiento_1,1,12/19/2022,16:11:00,9.6,1.947,0.204,3.9,4,1,0.7,1,0.595,0.426,1,0.312
69,3-2,CUMS_Fluox,entrenamiento_1,2,12/19/2022,16:12:00,6.3,1.458,0.23,2.4,0,0,4,1,0.295,0.472,0,0.591
70,3-2,CUMS_Fluox,entrenamiento_1,3,12/19/2022,16:12:00,51.8,11.145,0.215,7.2,9.4,11.4,23.9,1,0.378,0.027,1,0.557
71,3-2,CUMS_Fluox,entrenamiento_1,4,12/19/2022,16:13:00,5.5,0.733,0.133,0,0,1.7,3.8,1,0.27,0.54,0,0.744
72,4-2,CUMS_Fluox,entrenamiento_1,1,12/19/2022,16:15:00,60,13.928,0.232,9.4,19.8,23,7.7,0,0.525,NA,1,0.41
73,4-2,CUMS_Fluox,entrenamiento_1,2,12/19/2022,16:17:00,54,11.318,0.21,8.1,10.7,12,23.2,1,0.393,0.031,0,0.525
74,4-2,CUMS_Fluox,entrenamiento_1,3,12/19/2022,16:18:00,53.4,9.945,0.186,9.4,4.2,13.3,26.5,1,0.311,0.033,1,0.577
75,4-2,CUMS_Fluox,entrenamiento_1,4,12/19/2022,16:20:00,40.3,6.464,0.16,2.8,0,15.4,22.1,1,0.292,0.053,0,0.695
92,1b,CUMS_ctrl,entrenamiento_2,1,12/20/2022,15:02:00,4.5,0.776,0.173,1.5,0,0,2.9,1,0.228,0.34,0,0.668
93,1b,CUMS_ctrl,entrenamiento_2,2,12/20/2022,15:02:00,22.7,5.077,0.224,2.9,5.9,4.9,9,1,0.399,0.153,0,0.492
94,1b,CUMS_ctrl,entrenamiento_2,3,12/20/2022,15:03:00,2,0.279,0.136,0,0,0.5,1.5,1,0.141,0.907,0,0.664
95,1b,CUMS_ctrl,entrenamiento_2,4,12/20/2022,15:04:00,25.8,5.866,0.227,8.5,4.8,6.4,6.1,1,0.483,0.115,0,0.474
96,2b,CUMS_ctrl,entrenamiento_2,1,12/20/2022,15:07:00,3.7,0.689,0.186,1,0,0,2.7,1,0.175,0.384,0,0.562
97,2b,CUMS_ctrl,entrenamiento_2,2,12/20/2022,15:07:00,8.3,2.03,0.245,4.2,2,1.2,1,1,0.496,0.384,1,0.37
98,2b,CUMS_ctrl,entrenamiento_2,3,12/20/2022,15:08:00,1.9,0.368,0.196,0,0,0,1.9,1,0.193,0.799,0,0.82
99,2b,CUMS_ctrl,entrenamiento_2,4,12/20/2022,15:08:00,16.9,3.932,0.233,1.2,4.1,3.2,8.4,1,0.354,0.189,0,0.444
100,3b,CUMS_ctrl,entrenamiento_2,1,12/20/2022,15:09:00,37,10.119,0.273,9.5,11,4.7,11.8,1,0.384,0.033,2,0.387
101,3b,CUMS_ctrl,entrenamiento_2,2,12/20/2022,15:10:00,8.1,2.217,0.275,2.9,0,2.5,2.6,1,0.329,0.3,0,0.504
102,3b,CUMS_ctrl,entrenamiento_2,3,12/20/2022,15:12:00,3.3,0.738,0.226,0.9,0,0.2,2.2,1,0.188,0.259,0,0.467
103,3b,CUMS_ctrl,entrenamiento_2,4,12/20/2022,15:12:00,23.1,5.441,0.235,2.6,5.4,2.1,13.1,1,0.318,0.137,0,0.524
104,1-1,CUMS_ctrl,entrenamiento_2,1,12/20/2022,15:15:00,33.1,7.755,0.234,9.5,6.2,4.1,13.4,1,0.393,0.042,1,0.52
105,1-1,CUMS_ctrl,entrenamiento_2,2,12/20/2022,15:16:00,6.2,1.31,0.21,0,1.4,1.6,3.3,1,0.327,0.544,0,0.457
106,1-1,CUMS_ctrl,entrenamiento_2,3,12/20/2022,15:17:00,21.8,3.964,0.182,1.6,3.6,4.3,12.3,1,0.271,0.044,1,0.482
107,1-1,CUMS_ctrl,entrenamiento_2,4,12/20/2022,15:18:00,12.5,2.163,0.174,2,5.4,0.2,4.9,1,0.42,0.363,0,0.384
108,2-1,CUMS_ctrl,entrenamiento_2,1,12/20/2022,15:21:00,16.1,3.497,0.217,3,3.2,2.7,7.2,1,0.338,0.097,0,0.512
109,2-1,CUMS_ctrl,entrenamiento_2,2,12/20/2022,15:22:00,3.3,0.735,0.222,0,0,2.5,0.8,1,0.399,0.949,0,0.353
110,2-1,CUMS_ctrl,entrenamiento_2,3,12/20/2022,15:22:00,60,12.731,0.212,7.6,9.5,20.9,22,0,0.377,NA,1,0.503
111,2-1,CUMS_ctrl,entrenamiento_2,4,12/20/2022,15:25:00,8.8,1.331,0.151,2.4,4.4,0,2,1,0.444,0.489,1,0.262
112,3-1,CUMS_ctrl,entrenamiento_2,1,12/20/2022,15:27:00,11.5,2.701,0.235,2,0,0,9.4,1,0.176,0.108,0,0.666
113,3-1,CUMS_ctrl,entrenamiento_2,2,12/20/2022,15:27:00,3.4,0.866,0.255,0,0,2.5,0.9,1,0.393,0.784,0,0.468
114,3-1,CUMS_ctrl,entrenamiento_2,3,12/20/2022,15:28:00,16,3.938,0.247,3,3.3,6.4,3.3,1,0.433,0.121,0,0.439
115,3-1,CUMS_ctrl,entrenamiento_2,4,12/20/2022,15:28:00,5.3,1.277,0.239,0,1.8,0.7,2.9,1,0.304,0.555,0,0.46
116,4-1,CUMS_ctrl,entrenamiento_2,1,12/20/2022,15:30:00,3.6,0.754,0.209,2.8,0,0,0.8,1,0.32,0.514,0,0.539
117,4-1,CUMS_ctrl,entrenamiento_2,2,12/20/2022,15:30:00,52.3,13.287,0.254,16.6,12.6,6.4,16.6,1,0.427,0.058,2,0.493
118,4-1,CUMS_ctrl,entrenamiento_2,3,12/20/2022,15:31:00,14.4,3.319,0.23,5.5,2.5,2.2,4.2,1,0.393,0.118,1,0.457
119,4-1,CUMS_ctrl,entrenamiento_2,4,12/20/2022,15:32:00,2.9,0.591,0.2,1.8,0,0,1.1,1,0.291,0.888,0,0.422
76,1a,CUMS_Fluox,entrenamiento_2,1,12/20/2022,14:42:00,21.3,4.89,0.23,5.4,3.1,3.1,9.7,1,0.284,0.072,1,0.518
77,1a,CUMS_Fluox,entrenamiento_2,2,12/20/2022,14:43:00,8.2,1.98,0.24,0,3,4,1.2,1,0.4,0.215,0,0.398
78,1a,CUMS_Fluox,entrenamiento_2,3,12/20/2022,14:44:00,1.6,0.229,0.146,0,0,0,1.6,1,0.138,0.963,0,0.687
79,1a,CUMS_Fluox,entrenamiento_2,4,12/20/2022,14:44:00,26.7,6.08,0.227,9.6,5.9,0,11.3,1,0.355,0.105,2,0.511
80,2a,CUMS_Fluox,entrenamiento_2,1,12/20/2022,14:48:00,60,15.564,0.259,12.5,12.2,15.6,19.7,0,0.37,NA,3,0.477
81,2a,CUMS_Fluox,entrenamiento_2,2,12/20/2022,14:50:00,30.6,6.114,0.2,5.6,5.1,8.5,11.5,1,0.298,0.054,0,0.496
82,2a,CUMS_Fluox,entrenamiento_2,3,12/20/2022,14:51:00,11.2,2.137,0.19,3.1,3.2,2.1,2.9,1,0.377,0.31,0,0.361
83,2a,CUMS_Fluox,entrenamiento_2,4,12/20/2022,14:51:00,16.3,3.027,0.185,3.3,1.3,3,8.8,1,0.244,0.088,0,0.442
84,3a,CUMS_Fluox,entrenamiento_2,1,12/20/2022,14:53:00,3,0.333,0.11,0,0,0,3,1,0.167,0.611,0,0.668
85,3a,CUMS_Fluox,entrenamiento_2,2,12/20/2022,14:53:00,5.5,1.366,0.247,0,1.8,2.5,1.2,1,0.498,0.576,0,0.436
86,3a,CUMS_Fluox,entrenamiento_2,3,12/20/2022,14:54:00,3.4,0.818,0.241,1.4,0,1,1,1,0.24,0.4,0,0.449
87,3a,CUMS_Fluox,entrenamiento_2,4,12/20/2022,14:54:00,6.4,1.525,0.239,0,2.9,2,1.6,1,0.453,0.485,1,0.386
88,4a,CUMS_Fluox,entrenamiento_2,1,12/20/2022,14:56:00,1.8,0.264,0.15,0,0,0,1.8,1,0.17,0.89,0,0.647
89,4a,CUMS_Fluox,entrenamiento_2,2,12/20/2022,14:57:00,60,16.257,0.271,12.3,16.5,14.7,16.5,0,0.433,NA,1,0.491
90,4a,CUMS_Fluox,entrenamiento_2,3,12/20/2022,14:58:00,20.3,4.116,0.203,0,4.5,7.1,8.7,1,0.374,0.087,0,0.501
91,4a,CUMS_Fluox,entrenamiento_2,4,12/20/2022,14:59:00,3.8,0.789,0.206,3,0,0,0.8,1,0.385,0.823,0,0.411
120,1-2,CUMS_Fluox,entrenamiento_2,1,12/20/2022,15:36:00,6,0.643,0.107,3.7,0,0,2.3,1,0.235,0.489,0,0.612
121,1-2,CUMS_Fluox,entrenamiento_2,2,12/20/2022,15:36:00,8.4,1.254,0.148,0,2.5,1.8,4.2,1,0.334,0.624,0,0.455
122,1-2,CUMS_Fluox,entrenamiento_2,3,12/20/2022,15:37:00,7.6,1.827,0.242,3.4,0.7,2.3,1.2,1,0.393,0.18,0,0.428
123,1-2,CUMS_Fluox,entrenamiento_2,4,12/20/2022,15:37:00,5.4,0.963,0.178,2,1.7,0,1.7,1,0.38,0.759,0,0.375
124,2-2,CUMS_Fluox,entrenamiento_2,1,12/20/2022,15:40:00,4.5,0.924,0.205,0,0,0,4.5,1,0.2,0.364,0,0.802
125,2-2,CUMS_Fluox,entrenamiento_2,2,12/20/2022,15:40:00,4.2,1.048,0.252,0.3,3.1,0,0.8,1,0.533,0.76,0,0.207
126,2-2,CUMS_Fluox,entrenamiento_2,3,12/20/2022,15:41:00,4.7,0.975,0.206,0,0,3.8,0.9,1,0.383,0.414,0,0.531
127,2-2,CUMS_Fluox,entrenamiento_2,4,12/20/2022,15:41:00,2.4,0.627,0.258,1.7,0,0,0.7,1,0.375,0.999,0,0.382
128,3-2,CUMS_Fluox,entrenamiento_2,1,12/20/2022,15:43:00,43.6,9.224,0.211,15.6,9.1,3.7,15.2,1,0.44,0.032,1,0.526
129,3-2,CUMS_Fluox,entrenamiento_2,2,12/20/2022,15:44:00,36.8,6.963,0.189,10.4,6,9.1,11.3,1,0.329,0.113,0,0.427
130,3-2,CUMS_Fluox,entrenamiento_2,3,12/20/2022,15:45:00,6.2,0.735,0.118,0,0,2,4.2,1,0.253,0.444,0,0.714
131,3-2,CUMS_Fluox,entrenamiento_2,4,12/20/2022,15:45:00,13.1,2.596,0.198,0,5.5,0.2,7.4,1,0.34,0.274,2,0.416
132,4-2,CUMS_Fluox,entrenamiento_2,1,12/20/2022,15:46:00,8.5,1.99,0.235,1.5,0,1.4,5.5,1,0.176,0.171,0,0.594
133,4-2,CUMS_Fluox,entrenamiento_2,2,12/20/2022,15:47:00,8.3,1.893,0.229,0,5.2,1.4,1.7,1,0.49,0.327,1,0.217
134,4-2,CUMS_Fluox,entrenamiento_2,3,12/20/2022,15:47:00,25.1,5.698,0.227,6.5,1.5,7.7,9.5,1,0.331,0.038,0,0.532
135,4-2,CUMS_Fluox,entrenamiento_2,4,12/20/2022,15:48:00,6.5,1.28,0.198,4.3,0,0,2.2,1,0.384,0.487,0,0.59
152,1b,CUMS_ctrl,entrenamiento_3,1,12/21/2022,14:16:00,8.9,1.864,0.208,0,3.6,4.5,0.9,1,0.46,0.397,1,0.328
153,1b,CUMS_ctrl,entrenamiento_3,2,12/21/2022,14:16:00,3.8,0.899,0.234,1.6,1.5,0,0.7,1,0.496,0.787,0,0.327
154,1b,CUMS_ctrl,entrenamiento_3,3,12/21/2022,14:16:00,2.1,0.293,0.137,0,0,0,2.1,1,0.184,0.937,0,0.689
155,1b,CUMS_ctrl,entrenamiento_3,4,12/21/2022,14:17:00,5.2,0.957,0.185,0.7,0,0,4.5,1,0.159,0.242,0,0.62
156,2b,CUMS_ctrl,entrenamiento_3,1,12/21/2022,14:18:00,16.1,4.169,0.259,1.8,4,3.7,6.7,1,0.374,0.139,1,0.454
157,2b,CUMS_ctrl,entrenamiento_3,2,12/21/2022,14:19:00,2.4,0.75,0.317,1.1,0.6,0,0.7,1,0.394,0.896,0,0.36
158,2b,CUMS_ctrl,entrenamiento_3,3,12/21/2022,14:20:00,9.4,2.19,0.234,2.5,3.2,0.1,3.6,1,0.378,0.157,0,0.394
159,2b,CUMS_ctrl,entrenamiento_3,4,12/21/2022,14:20:00,23.2,5.199,0.224,9.2,4.9,2.4,6.7,1,0.349,0.071,1,0.391
160,3b,CUMS_ctrl,entrenamiento_3,1,12/21/2022,14:22:00,20.6,4.695,0.228,9.2,4.2,1.8,5.5,1,0.374,0.103,0,0.45
161,3b,CUMS_ctrl,entrenamiento_3,2,12/21/2022,14:22:00,17.6,4.232,0.24,3.4,3.9,4.4,5.9,1,0.369,0.169,0,0.402
162,3b,CUMS_ctrl,entrenamiento_3,3,12/21/2022,14:23:00,22.1,4.398,0.199,3.8,2.7,0.8,14.8,1,0.267,0.062,0,0.567
163,3b,CUMS_ctrl,entrenamiento_3,4,12/21/2022,14:24:00,7.6,1.369,0.18,0,0,2.5,5.1,1,0.159,0.218,0,0.609
164,1-1,CUMS_ctrl,entrenamiento_3,1,12/21/2022,14:27:00,49.6,9.15,0.184,7.5,7.3,12.5,22.3,1,0.341,0.081,1,0.526
165,1-1,CUMS_ctrl,entrenamiento_3,2,12/21/2022,14:28:00,33.3,6.343,0.19,8.5,6,9.5,9.3,1,0.382,0.105,0,0.422
166,1-1,CUMS_ctrl,entrenamiento_3,3,12/21/2022,14:29:00,28,5.204,0.186,2.7,6.9,8.5,9.8,1,0.376,0.056,1,0.451
167,1-1,CUMS_ctrl,entrenamiento_3,4,12/21/2022,14:30:00,2.1,0.27,0.129,0,0,0,2.1,1,0.126,0.905,0,0.626
168,2-1,CUMS_ctrl,entrenamiento_3,1,12/21/2022,14:33:00,15.2,3.349,0.22,0.1,3.4,6,5.7,1,0.376,0.145,0,0.425
169,2-1,CUMS_ctrl,entrenamiento_3,2,12/21/2022,14:33:00,41.1,9.39,0.229,11.3,4.9,8.6,16.3,1,0.372,0.066,0,0.522
170,2-1,CUMS_ctrl,entrenamiento_3,3,12/21/2022,14:34:00,4.1,0.459,0.112,0,0,0,4.1,1,0.131,0.457,0,0.783
171,2-1,CUMS_ctrl,entrenamiento_3,4,12/21/2022,14:35:00,5.9,0.933,0.159,0,0,1.8,4.1,1,0.15,0.377,0,0.629
172,3-1,CUMS_ctrl,entrenamiento_3,1,12/21/2022,14:35:00,33.8,8.097,0.239,9.3,8.4,6.5,9.6,1,0.435,0.088,2,0.476
173,3-1,CUMS_ctrl,entrenamiento_3,2,12/21/2022,14:36:00,39.9,8.072,0.202,6.6,13.2,6,14.1,1,0.376,0.094,2,0.409
174,3-1,CUMS_ctrl,entrenamiento_3,3,12/21/2022,14:37:00,1.6,0.26,0.16,0,0,0,1.6,1,0.149,0.889,0,0.744
175,3-1,CUMS_ctrl,entrenamiento_3,4,12/21/2022,14:38:00,12.7,2.7,0.212,3.4,3.5,3.3,2.5,1,0.509,0.107,0,0.436
176,4-1,CUMS_ctrl,entrenamiento_3,1,12/21/2022,14:39:00,4.5,2.574,0.567,0,1.3,1.9,1.3,1,0.428,0.264,0,0.348
177,4-1,CUMS_ctrl,entrenamiento_3,2,12/21/2022,14:39:00,8.5,2.03,0.237,4.2,0.7,0,3.6,1,0.3,0.307,0,0.492
178,4-1,CUMS_ctrl,entrenamiento_3,3,12/21/2022,14:40:00,18.3,3.788,0.207,6.1,0.1,2.2,9.9,1,0.223,0.089,0,0.489
179,4-1,CUMS_ctrl,entrenamiento_3,4,12/21/2022,14:41:00,8,1.546,0.194,0.3,0,1.4,6.2,1,0.166,0.172,0,0.602
136,1a,CUMS_Fluox,entrenamiento_3,1,12/21/2022,13:58:00,18.1,1.477,0.081,0,0.7,17,0.5,1,0.316,0.19,0,0.323
137,1a,CUMS_Fluox,entrenamiento_3,2,12/21/2022,13:59:00,4.7,1.085,0.23,2.4,0,0,2.3,1,0.292,0.612,0,0.459
138,1a,CUMS_Fluox,entrenamiento_3,3,12/21/2022,13:59:00,14.7,3.245,0.221,2.2,3.2,3.9,5.3,1,0.37,0.076,0,0.403
139,1a,CUMS_Fluox,entrenamiento_3,4,12/21/2022,14:00:00,10.9,2.475,0.226,5.3,0,0.4,5.2,1,0.333,0.151,0,0.498
140,2a,CUMS_Fluox,entrenamiento_3,1,12/21/2022,14:03:00,0.4,0,0,0,0,0,0.4,1,0,NA,0,0.605
141,2a,CUMS_Fluox,entrenamiento_3,2,12/21/2022,14:03:00,3.5,0.784,0.226,0.5,1.3,0.4,1.2,1,0.329,0.797,0,0.319
142,2a,CUMS_Fluox,entrenamiento_3,3,12/21/2022,14:03:00,3.8,0.981,0.26,1,0,0,2.8,1,0.159,0.318,0,0.685
143,2a,CUMS_Fluox,entrenamiento_3,4,12/21/2022,14:04:00,19.6,3.973,0.203,4.7,2.8,4.4,7.7,1,0.287,0.103,0,0.397
144,3a,CUMS_Fluox,entrenamiento_3,1,12/21/2022,14:05:00,10.1,2.256,0.223,3.8,2.1,2.4,1.8,1,0.392,0.295,0,0.301
145,3a,CUMS_Fluox,entrenamiento_3,2,12/21/2022,14:07:00,5.7,1.203,0.211,2,0,0,3.7,1,0.211,0.497,0,0.591
146,3a,CUMS_Fluox,entrenamiento_3,3,12/21/2022,14:08:00,4.8,0.824,0.173,1.6,0,0,3.2,1,0.182,0.474,0,0.716
147,3a,CUMS_Fluox,entrenamiento_3,4,12/21/2022,14:08:00,9.8,2.15,0.219,4.6,1,1.1,3.2,1,0.402,0.124,0,0.475
148,4a,CUMS_Fluox,entrenamiento_3,1,12/21/2022,14:09:00,30.9,6.869,0.222,3.2,4.7,8.5,14.5,1,0.304,0.091,1,0.481
149,4a,CUMS_Fluox,entrenamiento_3,2,12/21/2022,14:10:00,3.7,0.848,0.228,0.6,1.4,0,1.8,1,0.303,0.721,0,0.383
150,4a,CUMS_Fluox,entrenamiento_3,3,12/21/2022,14:10:00,9.2,1.518,0.164,0,0,1.3,7.9,1,0.19,0.182,0,0.707
151,4a,CUMS_Fluox,entrenamiento_3,4,12/21/2022,14:11:00,5.5,1.137,0.207,0.4,0,1.7,3.3,1,0.208,0.345,0,0.599
180,1-2,CUMS_Fluox,entrenamiento_3,1,12/21/2022,14:42:00,8.8,2.093,0.239,3.1,2.5,1.1,2.1,1,0.355,0.259,0,0.356
181,1-2,CUMS_Fluox,entrenamiento_3,2,12/21/2022,14:42:00,7.9,1.583,0.201,0.7,4.3,0.3,2.6,1,0.435,0.443,0,0.323
182,1-2,CUMS_Fluox,entrenamiento_3,3,12/21/2022,14:43:00,7.1,1.482,0.209,2.7,1.5,0.1,2.7,1,0.317,0.241,0,0.456
183,1-2,CUMS_Fluox,entrenamiento_3,4,12/21/2022,14:43:00,1.9,0.3,0.157,0,0,0,1.9,1,0.184,0.963,0,0.723
184,2-2,CUMS_Fluox,entrenamiento_3,1,12/21/2022,14:45:00,4.7,1.046,0.223,0,0,3.7,1,1,0.442,0.598,0,0.403
185,2-2,CUMS_Fluox,entrenamiento_3,2,12/21/2022,14:46:00,5.9,1.157,0.197,4.9,0,0,1,1,0.393,0.467,0,0.456
186,2-2,CUMS_Fluox,entrenamiento_3,3,12/21/2022,14:46:00,2.1,0.263,0.124,0,0,0,2.1,1,0.223,0.973,0,0.803
187,2-2,CUMS_Fluox,entrenamiento_3,4,12/21/2022,14:47:00,4.9,1.016,0.206,1.3,0.3,1.8,1.5,1,0.245,0.324,0,0.45
188,3-2,CUMS_Fluox,entrenamiento_3,1,12/21/2022,14:47:00,2.9,0.758,0.257,0,0.5,1.6,0.9,1,0.407,0.959,0,0.372
189,3-2,CUMS_Fluox,entrenamiento_3,2,12/21/2022,14:48:00,6.2,1.583,0.257,1,2.1,0,3.1,1,0.339,0.498,1,0.467
190,3-2,CUMS_Fluox,entrenamiento_3,3,12/21/2022,14:48:00,3.1,0.418,0.136,2.2,0,0,0.9,1,0.281,0.795,0,0.712
191,3-2,CUMS_Fluox,entrenamiento_3,4,12/21/2022,14:49:00,4.7,0.795,0.168,0,0,1.1,3.6,1,0.141,0.457,0,0.674
192,4-2,CUMS_Fluox,entrenamiento_3,1,12/21/2022,14:49:00,60,13.058,0.218,12.8,13.9,15,18.4,0,0.389,NA,1,0.448
193,4-2,CUMS_Fluox,entrenamiento_3,2,12/21/2022,14:51:00,8.1,1.335,0.164,4.5,0,0,3.6,1,0.335,0.479,0,0.495
194,4-2,CUMS_Fluox,entrenamiento_3,3,12/21/2022,14:51:00,6.4,0.97,0.15,1.4,0,0,5,1,0.155,0.325,0,0.672
195,4-2,CUMS_Fluox,entrenamiento_3,4,12/21/2022,14:52:00,5.3,0.855,0.162,0,0,1.6,3.6,1,0.177,0.476,0,0.567
212,1b,CUMS_ctrl,entrenamiento_4,1,12/22/2022,14:00:00,4.6,0.949,0.208,1,0,1.2,2.4,1,0.185,0.305,0,0.55
213,1b,CUMS_ctrl,entrenamiento_4,2,12/22/2022,14:01:00,60,13.904,0.232,18.4,11.2,13.6,16.8,0,0.397,NA,0,0.462
214,1b,CUMS_ctrl,entrenamiento_4,3,12/22/2022,14:02:00,5.5,2.243,0.404,2.6,0,0,3,1,0.279,0.214,0,0.526
215,1b,CUMS_ctrl,entrenamiento_4,4,12/22/2022,14:03:00,11.7,2.285,0.196,5.2,1.9,1.4,3.2,1,0.396,0.241,0,0.429
216,2b,CUMS_ctrl,entrenamiento_4,1,12/22/2022,14:05:00,1.3,0.197,0.154,0,0,0,1.3,1,0.074,0.579,0,0.708
217,2b,CUMS_ctrl,entrenamiento_4,2,12/22/2022,14:05:00,2.7,0.616,0.227,0,0,0,2.7,1,0.128,0.275,0,0.761
218,2b,CUMS_ctrl,entrenamiento_4,3,12/22/2022,14:06:00,2.4,0.531,0.222,0.3,1.2,0,0.9,1,0.312,0.963,0,0.302
219,2b,CUMS_ctrl,entrenamiento_4,4,12/22/2022,14:06:00,5.6,1.301,0.234,2.8,1.9,0,0.9,1,0.372,0.489,0,0.417
220,3b,CUMS_ctrl,entrenamiento_4,1,12/22/2022,14:08:00,18.5,5.138,0.277,3.2,3.7,3.1,8.5,1,0.294,0.056,1,0.461
221,3b,CUMS_ctrl,entrenamiento_4,2,12/22/2022,14:08:00,6,1.203,0.202,3,0,0,2.9,1,0.197,0.214,0,0.627
222,3b,CUMS_ctrl,entrenamiento_4,3,12/22/2022,14:09:00,4,1.903,0.481,2,0.8,0,1.1,1,0.368,0.2,0,0.43
223,3b,CUMS_ctrl,entrenamiento_4,4,12/22/2022,14:10:00,3.4,1.218,0.357,1,1,0.6,0.9,1,0.418,0.646,0,0.33
224,1-1,CUMS_ctrl,entrenamiento_4,1,12/22/2022,14:13:00,25.7,5.41,0.21,5,1.8,4.2,14.8,1,0.271,0.037,0,0.554
225,1-1,CUMS_ctrl,entrenamiento_4,2,12/22/2022,14:14:00,9.4,0.637,0.068,2.1,0,0,7.3,1,0.103,0.389,0,0.627
226,1-1,CUMS_ctrl,entrenamiento_4,3,12/22/2022,14:15:00,9.8,1.158,0.118,2.3,1,1.1,5.4,1,0.228,0.482,0,0.413
227,1-1,CUMS_ctrl,entrenamiento_4,4,12/22/2022,14:16:00,11.1,1.782,0.161,4.3,1.2,4.2,1.3,1,0.355,0.421,0,0.404
228,2-1,CUMS_ctrl,entrenamiento_4,1,12/22/2022,14:18:00,2.6,0.369,0.14,0,0,0.7,1.9,1,0.165,0.74,0,0.62
229,2-1,CUMS_ctrl,entrenamiento_4,2,12/22/2022,14:18:00,7.7,0.93,0.121,0,0,0,7.7,1,0.095,0.151,0,0.598
230,2-1,CUMS_ctrl,entrenamiento_4,3,12/22/2022,14:19:00,10.3,2.564,0.249,2,0,2.5,5.8,1,0.226,0.18,0,0.652
231,2-1,CUMS_ctrl,entrenamiento_4,4,12/22/2022,14:20:00,23.1,4.342,0.188,7,1.3,3.3,11.4,1,0.268,0.022,0,0.532
232,3-1,CUMS_ctrl,entrenamiento_4,1,12/22/2022,14:21:00,11.1,1.788,0.161,1.3,0,3.4,6.4,1,0.186,0.228,0,0.59
233,3-1,CUMS_ctrl,entrenamiento_4,2,12/22/2022,14:22:00,7.9,1.227,0.156,0.8,0,1.2,5.9,1,0.158,0.124,0,0.638
234,3-1,CUMS_ctrl,entrenamiento_4,3,12/22/2022,14:22:00,11.6,3.187,0.274,4.1,1.4,1.2,5,1,0.312,0.129,1,0.564
235,3-1,CUMS_ctrl,entrenamiento_4,4,12/22/2022,14:23:00,3.8,0.721,0.189,0,0,2.5,1.3,1,0.317,0.852,0,0.406
236,4-1,CUMS_ctrl,entrenamiento_4,1,12/22/2022,14:24:00,53.2,12.07,0.227,7.4,9.2,10.4,26.2,1,0.294,0.02,1,0.504
237,4-1,CUMS_ctrl,entrenamiento_4,2,12/22/2022,14:25:00,4.6,0.622,0.134,0,0,0,4.6,1,0.152,0.528,0,0.702
238,4-1,CUMS_ctrl,entrenamiento_4,3,12/22/2022,14:25:00,4.4,0.88,0.199,2.5,0.7,0,1.2,1,0.42,0.785,0,0.397
239,4-1,CUMS_ctrl,entrenamiento_4,4,12/22/2022,14:27:00,9.1,1.948,0.215,1.5,2.6,2.3,2.6,1,0.339,0.356,0,0.37
196,1a,CUMS_Fluox,entrenamiento_4,1,12/22/2022,13:43:00,10.8,2.489,0.23,6.3,0,2.9,1.6,1,0.332,0.167,0,0.483
197,1a,CUMS_Fluox,entrenamiento_4,2,12/22/2022,13:44:00,10.5,2.314,0.22,3.9,1.1,0.4,5.1,1,0.232,0.042,0,0.497
198,1a,CUMS_Fluox,entrenamiento_4,3,12/22/2022,13:45:00,3.2,0.739,0.234,0.9,1.3,0,1,1,0.384,0.907,0,0.308
199,1a,CUMS_Fluox,entrenamiento_4,4,12/22/2022,13:46:00,4.1,1.014,0.248,1.5,1.6,0,1,1,0.348,0.56,0,0.376
200,2a,CUMS_Fluox,entrenamiento_4,1,12/22/2022,13:48:00,15.9,3.141,0.198,1.7,0.4,5.7,8,1,0.221,0.089,0,0.472
201,2a,CUMS_Fluox,entrenamiento_4,2,12/22/2022,13:49:00,2,0.228,0.113,0,0,0,2,1,0.16,0.912,0,0.631
202,2a,CUMS_Fluox,entrenamiento_4,3,12/22/2022,13:49:00,6.7,1.167,0.175,2.9,0,0,3.7,1,0.232,0.474,0,0.422
203,2a,CUMS_Fluox,entrenamiento_4,4,12/22/2022,13:50:00,5.7,1.114,0.196,3.3,1.4,0,1,1,0.313,0.502,0,0.349
204,3a,CUMS_Fluox,entrenamiento_4,1,12/22/2022,13:51:00,3.2,0.745,0.234,0.6,0.1,1.1,1.4,1,0.208,0.232,0,0.43
205,3a,CUMS_Fluox,entrenamiento_4,2,12/22/2022,13:52:00,4.7,0.81,0.172,0,0,0,4.7,1,0.136,0.345,0,0.723
206,3a,CUMS_Fluox,entrenamiento_4,3,12/22/2022,13:52:00,2.2,0.519,0.237,0.6,0.6,0,0.9,1,0.307,0.993,0,0.325
207,3a,CUMS_Fluox,entrenamiento_4,4,12/22/2022,13:53:00,3,0.822,0.276,0,0,1.8,1.2,1,0.335,0.905,0,0.443
208,4a,CUMS_Fluox,entrenamiento_4,1,12/22/2022,13:55:00,25.7,5.82,0.226,3.6,2.7,14.4,5,1,0.37,0.067,0,0.412
209,4a,CUMS_Fluox,entrenamiento_4,2,12/22/2022,13:55:00,1.8,0.124,0.067,0,0,0,1.8,1,0.033,0.311,0,0.694
210,4a,CUMS_Fluox,entrenamiento_4,3,12/22/2022,13:56:00,4.9,1.398,0.283,2.2,0.7,0,2.1,1,0.268,0.292,0,0.507
211,4a,CUMS_Fluox,entrenamiento_4,4,12/22/2022,13:56:00,6.6,1.551,0.234,1.4,3.9,0.4,0.9,1,0.515,0.424,0,0.233
240,1-2,CUMS_Fluox,entrenamiento_4,1,12/22/2022,14:29:00,4.1,0.736,0.181,0,0,0,4.1,1,0.116,0.221,0,0.719
241,1-2,CUMS_Fluox,entrenamiento_4,2,12/22/2022,14:30:00,3.3,0.745,0.224,2.5,0,0,0.8,1,0.288,0.414,0,0.568
242,1-2,CUMS_Fluox,entrenamiento_4,3,12/22/2022,14:30:00,3.5,1.252,0.36,2,0,0,1.5,1,0.269,0.34,0,0.494
243,1-2,CUMS_Fluox,entrenamiento_4,4,12/22/2022,14:31:00,9.4,1.654,0.175,0,1.2,2,6.3,1,0.218,0.389,0,0.576
244,2-2,CUMS_Fluox,entrenamiento_4,1,12/22/2022,14:33:00,6.5,1.446,0.222,1.8,1,2.8,0.9,1,0.343,0.147,0,0.39
245,2-2,CUMS_Fluox,entrenamiento_4,2,12/22/2022,14:34:00,12.3,2.474,0.201,0.1,1.3,2,9,1,0.239,0.082,0,0.591
246,2-2,CUMS_Fluox,entrenamiento_4,3,12/22/2022,14:34:00,6.4,2.169,0.34,1.4,0.9,0,4.1,1,0.225,0.204,0,0.552
247,2-2,CUMS_Fluox,entrenamiento_4,4,12/22/2022,14:36:00,60,9.222,0.154,11.8,6.3,14.2,27.7,0,0.257,NA,0,0.466
248,3-2,CUMS_Fluox,entrenamiento_4,1,12/22/2022,14:39:00,2.5,0.429,0.17,0,0,1.1,1.4,1,0.219,0.86,0,0.674
249,3-2,CUMS_Fluox,entrenamiento_4,2,12/22/2022,14:39:00,1.9,0.335,0.179,1.5,0,0,0.4,1,0.238,0.991,0,0.608
250,3-2,CUMS_Fluox,entrenamiento_4,3,12/22/2022,14:40:00,6.2,1.18,0.192,1.6,0,1.1,3.4,1,0.241,0.377,0,0.569
251,3-2,CUMS_Fluox,entrenamiento_4,4,12/22/2022,14:40:00,20.1,4.418,0.22,3,1.4,4.9,10.8,1,0.271,0.133,0,0.571
252,4-2,CUMS_Fluox,entrenamiento_4,1,12/22/2022,14:42:00,2.5,0.374,0.152,0,0,1.5,1,1,0.176,0.661,0,0.559
253,4-2,CUMS_Fluox,entrenamiento_4,2,12/22/2022,14:42:00,23.5,5.413,0.23,5.5,5.7,6.3,6.1,1,0.457,0.061,0,0.468
254,4-2,CUMS_Fluox,entrenamiento_4,3,12/22/2022,14:43:00,18,3.196,0.178,2.6,1.8,5,8.7,1,0.248,0.209,0,0.52
255,4-2,CUMS_Fluox,entrenamiento_4,4,12/22/2022,14:44:00,24.1,4.774,0.198,5,4.4,4.8,9.9,1,0.337,0.127,1,0.436
260,1b,CUMS_ctrl,prueba_1,1,12/23/2022,14:04:00,60,14.013,0.234,19.4,11.1,8.7,20.8,5,0.355,0.92,1,0.469
261,2b,CUMS_ctrl,prueba_1,1,12/23/2022,14:07:00,60,14.031,0.234,16.1,5.4,5,33.5,8,0.259,0.874,1,0.506
262,3b,CUMS_ctrl,prueba_1,1,12/23/2022,14:09:00,60,13.554,0.226,7.3,3.4,6.1,43.2,8,0.194,0.451,0,0.576
263,1-1,CUMS_ctrl,prueba_1,1,12/23/2022,14:14:00,60,13.447,0.224,13.6,8.6,6.5,31.3,6,0.279,0.926,1,0.499
264,2-1,CUMS_ctrl,prueba_1,1,12/23/2022,14:15:00,60,13.573,0.226,14.7,7.9,15.5,21.8,3,0.302,0.235,0,0.428
265,3-1,CUMS_ctrl,prueba_1,1,12/23/2022,14:17:00,60,13.026,0.217,13.8,0,3.2,43,9,0.214,0.478,0,0.611
266,4-1,CUMS_ctrl,prueba_1,1,12/23/2022,14:18:00,60,13.193,0.22,12.1,5,8.6,34.3,8,0.262,0.934,0,0.524
256,1a,CUMS_Fluox,prueba_1,1,12/23/2022,13:55:00,60,13.275,0.221,12.5,4.5,4.9,38.1,8,0.246,0.487,1,0.568
257,2a,CUMS_Fluox,prueba_1,1,12/23/2022,13:57:00,60,13.672,0.228,15.3,5.8,9.5,29.4,8,0.277,0.387,2,0.507
258,3a,CUMS_Fluox,prueba_1,1,12/23/2022,13:59:00,60,13.685,0.228,16.8,5.2,6.2,31.8,8,0.257,0.858,1,0.501
259,4a,CUMS_Fluox,prueba_1,1,12/23/2022,14:01:00,60,13.849,0.231,11.2,8.9,12.4,27.6,6,0.284,0.954,1,0.475
267,1-2,CUMS_Fluox,prueba_1,1,12/23/2022,14:21:00,60,10.236,0.171,12.6,4.1,6.2,37.2,3,0.233,0.309,0,0.505
268,2-2,CUMS_Fluox,prueba_1,1,12/23/2022,14:24:00,60,12.347,0.206,6.4,5.3,14.4,34,7,0.254,0.819,1,0.536
269,3-2,CUMS_Fluox,prueba_1,1,12/23/2022,14:26:00,60,12.854,0.214,16.1,5.9,8.2,29.8,5,0.274,0.091,1,0.52
270,4-2,CUMS_Fluox,prueba_1,1,12/23/2022,14:28:00,60,12.344,0.206,10,6.3,13.8,29.9,3,0.267,0.42,2,0.516
275,1b,CUMS_ctrl,prueba_2,1,2/4/2023,15:09:00,60,10.83,0.181,14.5,10.4,16.9,18.2,1,0.394,0.785,0,0.448
276,2b,CUMS_ctrl,prueba_2,1,2/4/2023,15:10:00,60,13.413,0.224,17.5,9.7,13.4,19.4,0,0.413,NA,1,0.566
277,3b,CUMS_ctrl,prueba_2,1,2/4/2023,15:12:00,60,12.639,0.211,13.7,5,4.2,37.2,3,0.247,0.193,0,0.598
278,1-1,CUMS_ctrl,prueba_2,1,2/4/2023,15:14:00,60,14.355,0.239,11.5,8.8,11.1,28.5,5,0.339,0.811,0,0.545
279,2-1,CUMS_ctrl,prueba_2,1,2/4/2023,15:16:00,60,11.578,0.193,8.4,9,15.5,27.2,2,0.339,0.139,1,0.564
280,3-1,CUMS_ctrl,prueba_2,1,2/4/2023,15:17:00,60,13.515,0.225,12.1,7.8,8.4,31.8,2,0.342,0.116,1,0.553
281,4-1,CUMS_ctrl,prueba_2,1,2/4/2023,15:18:00,60,14.034,0.234,9.5,14.4,14.3,21.8,2,0.397,0.1,2,0.49
271,1a,CUMS_Fluox,prueba_2,1,2/4/2023,15:00:00,60,14.656,0.244,12.4,6.7,16.7,24.2,2,0.377,0.068,1,0.57
272,2a,CUMS_Fluox,prueba_2,1,2/4/2023,15:02:00,60,16.042,0.267,13.5,11.7,14.3,20.6,2,0.382,0.086,3,0.468
273,3a,CUMS_Fluox,prueba_2,1,2/4/2023,15:03:00,60,15.587,0.26,10.5,14.4,19.9,15.2,1,0.488,0.096,2,0.485
274,4a,CUMS_Fluox,prueba_2,1,2/4/2023,15:05:00,60,13.125,0.219,7.9,8.3,15.7,28.1,4,0.359,0.14,0,0.553
282,1-2,CUMS_Fluox,prueba_2,1,2/4/2023,15:21:00,60,12.133,0.202,15,15.5,14.6,14.9,0,0.447,NA,2,0.471
283,2-2,CUMS_Fluox,prueba_2,1,2/4/2023,15:24:00,60,11.566,0.193,6.3,7.8,10.6,35.4,3,0.317,0.095,0,0.593
284,3-2,CUMS_Fluox,prueba_2,1,2/4/2023,15:25:00,60,12.345,0.206,8,10.1,22.5,19.4,2,0.434,0.141,0,0.544
285,4-2,CUMS_Fluox,prueba_2,1,2/4/2023,15:26:00,60,14.404,0.24,17.5,14.9,8.9,18.7,1,0.494,0.083,1,0.538
302,1b,CUMS_ctrl,entrenamiento_rev_1,1,2/5/2023,15:00:00,60,11.461,0.191,9.6,7,13.5,30,5,0.289,0.497,0,0.492
303,1b,CUMS_ctrl,entrenamiento_rev_1,2,2/5/2023,15:03:00,9.3,1.554,0.167,1.6,3.1,2.2,2.4,0,0.359,NA,1,0.355
304,1b,CUMS_ctrl,entrenamiento_rev_1,3,2/5/2023,15:04:00,11.9,1.85,0.156,2.8,1.9,1.7,5.5,1,0.316,0.709,1,0.427
305,1b,CUMS_ctrl,entrenamiento_rev_1,4,2/5/2023,15:05:00,6,0.996,0.165,0,2.8,1.8,1.5,0,0.439,NA,1,0.345
306,2b,CUMS_ctrl,entrenamiento_rev_1,1,2/5/2023,15:07:00,37.8,8.518,0.225,3.1,3.9,11.6,19.2,1,0.283,0.35,1,0.562
307,2b,CUMS_ctrl,entrenamiento_rev_1,2,2/5/2023,15:09:00,12.3,2.956,0.24,0.5,1.8,4.4,5.7,0,0.29,NA,1,0.497
308,2b,CUMS_ctrl,entrenamiento_rev_1,3,2/5/2023,15:10:00,14.5,3.026,0.209,2.6,4.7,2.5,4.6,0,0.328,NA,1,0.366
309,2b,CUMS_ctrl,entrenamiento_rev_1,4,2/5/2023,15:11:00,8.6,1.545,0.179,0,4.6,0.6,3.5,0,0.437,NA,1,0.361
310,3b,CUMS_ctrl,entrenamiento_rev_1,1,2/5/2023,15:12:00,28.7,6.052,0.211,1.9,3.2,4.7,19,5,0.23,0.442,1,0.56
311,3b,CUMS_ctrl,entrenamiento_rev_1,2,2/5/2023,15:13:00,8,1.582,0.197,0.6,5.4,0,2.1,0,0.52,NA,1,0.257
312,3b,CUMS_ctrl,entrenamiento_rev_1,3,2/5/2023,15:15:00,57.5,12.218,0.213,9.9,20.5,2.7,24.5,4,0.359,0.187,1,0.391
313,3b,CUMS_ctrl,entrenamiento_rev_1,4,2/5/2023,15:17:00,16.1,2.925,0.182,3.8,8.7,0.1,3.4,1,0.43,0.879,1,0.306
314,1-1,CUMS_ctrl,entrenamiento_rev_1,1,2/5/2023,15:20:00,60,12.752,0.213,14.3,6.6,6.6,32.5,3,0.258,0.826,0,0.528
315,1-1,CUMS_ctrl,entrenamiento_rev_1,2,2/5/2023,15:22:00,39.4,6.489,0.165,10.8,7.2,0,21.4,4,0.293,0.242,1,0.505
316,1-1,CUMS_ctrl,entrenamiento_rev_1,3,2/5/2023,15:24:00,17.9,3.578,0.2,3.7,6.1,1.8,6.3,1,0.377,0.263,1,0.39
317,1-1,CUMS_ctrl,entrenamiento_rev_1,4,2/5/2023,15:25:00,17,3.831,0.225,1.9,4.4,2.4,8.4,0,0.333,NA,1,0.48
318,2-1,CUMS_ctrl,entrenamiento_rev_1,1,2/5/2023,15:27:00,10.4,2.308,0.223,0.4,2.9,4.2,2.8,1,0.468,0.762,1,0.406
319,2-1,CUMS_ctrl,entrenamiento_rev_1,2,2/5/2023,15:28:00,7.6,1.481,0.196,1,2,1.4,3.1,1,0.34,0.92,1,0.387
320,2-1,CUMS_ctrl,entrenamiento_rev_1,3,2/5/2023,15:29:00,16.7,3.03,0.181,2.9,9.3,2.2,2.3,1,0.497,0.81,1,0.278
321,2-1,CUMS_ctrl,entrenamiento_rev_1,4,2/5/2023,15:30:00,15.9,2.77,0.174,1.4,10.9,0.6,3,0,0.5,NA,1,0.229
322,3-1,CUMS_ctrl,entrenamiento_rev_1,1,2/5/2023,15:31:00,60,13.942,0.232,7.8,11,16.2,25,2,0.355,0.102,0,0.466
323,3-1,CUMS_ctrl,entrenamiento_rev_1,2,2/5/2023,15:34:00,5,0.99,0.199,1.4,0.8,0,2.8,0,0.267,NA,1,0.521
324,3-1,CUMS_ctrl,entrenamiento_rev_1,3,2/5/2023,15:35:00,8.2,1.815,0.221,3.6,3,0,1.6,0,0.448,NA,1,0.341
325,3-1,CUMS_ctrl,entrenamiento_rev_1,4,2/5/2023,15:35:00,9.6,1.794,0.187,3.6,1.2,1,3.8,0,0.279,NA,1,0.457
326,4-1,CUMS_ctrl,entrenamiento_rev_1,1,2/5/2023,15:37:00,60,14.058,0.234,10.6,6.3,14.6,28.4,0,0.322,NA,0,0.535
327,4-1,CUMS_ctrl,entrenamiento_rev_1,2,2/5/2023,15:38:00,10,1.793,0.179,2.1,0.9,0,7,0,0.249,NA,1,0.528
328,4-1,CUMS_ctrl,entrenamiento_rev_1,3,2/5/2023,15:39:00,8.5,1.598,0.189,1.5,4.1,2.9,0,0,0.533,NA,1,0.21
329,4-1,CUMS_ctrl,entrenamiento_rev_1,4,2/5/2023,15:40:00,9.8,2.175,0.221,0,5.3,0.3,4.2,0,0.44,NA,1,0.368
286,1a,CUMS_Fluox,entrenamiento_rev_1,1,2/5/2023,14:29:00,60,15.68,0.261,5.1,11.8,19.5,23.6,4,0.394,0.332,0,0.501
287,1a,CUMS_Fluox,entrenamiento_rev_1,2,2/5/2023,14:31:00,60,12.279,0.205,4.2,11.9,25.3,18.5,3,0.347,0.053,0,0.42
288,1a,CUMS_Fluox,entrenamiento_rev_1,3,2/5/2023,14:33:00,10.7,2.111,0.197,3.1,3.8,2.5,1.3,0,0.388,NA,1,0.313
289,1a,CUMS_Fluox,entrenamiento_rev_1,4,2/5/2023,14:34:00,1.4,0.241,0.174,0,0.8,0.6,0,0,0.505,NA,1,0.144
290,2a,CUMS_Fluox,entrenamiento_rev_1,1,2/5/2023,14:47:00,1.1,0,0,0,0,0,0,0,0,NA,0,0
291,2a,CUMS_Fluox,entrenamiento_rev_1,2,2/5/2023,14:47:00,0.9,0,0,0,0,0,0,0,0,NA,0,0
292,2a,CUMS_Fluox,entrenamiento_rev_1,3,2/5/2023,14:47:00,0.9,0,0,0,0,0,0,0,0,NA,0,0
293,2a,CUMS_Fluox,entrenamiento_rev_1,4,2/5/2023,14:47:00,1.1,0,0,0,0,0,0,0,0,NA,0,0
294,3a,CUMS_Fluox,entrenamiento_rev_1,1,2/5/2023,14:48:00,58.4,13.388,0.229,9.9,2.8,14.7,31,4,0.271,0.104,1,0.557
295,3a,CUMS_Fluox,entrenamiento_rev_1,2,2/5/2023,14:50:00,21.6,4.865,0.226,5.8,1,3.7,11.1,0,0.27,NA,1,0.506
296,3a,CUMS_Fluox,entrenamiento_rev_1,3,2/5/2023,14:51:00,11.3,2.449,0.216,1.9,1.1,3.1,5.2,1,0.263,0.293,1,0.527
297,3a,CUMS_Fluox,entrenamiento_rev_1,4,2/5/2023,14:53:00,47.4,13.29,0.28,11,8.1,13.6,14.7,0,0.406,NA,1,0.505
298,4a,CUMS_Fluox,entrenamiento_rev_1,1,2/5/2023,14:55:00,23.6,5.497,0.232,4.4,4.8,4.7,9.7,0,0.306,NA,1,0.45
299,4a,CUMS_Fluox,entrenamiento_rev_1,2,2/5/2023,14:56:00,11,2.348,0.213,2,4.1,4.5,0.5,0,0.515,NA,1,0.305
300,4a,CUMS_Fluox,entrenamiento_rev_1,3,2/5/2023,14:57:00,0.1,0,0,0,0,0,0,0,0,NA,0,0
301,4a,CUMS_Fluox,entrenamiento_rev_1,4,2/5/2023,14:57:00,7.8,1.659,0.212,1.4,2.8,1.4,2.2,1,0.411,0.903,1,0.385
330,1-2,CUMS_Fluox,entrenamiento_rev_1,1,2/5/2023,15:43:00,12,2.826,0.235,1.5,2.2,5.9,2.4,1,0.381,0.283,1,0.428
331,1-2,CUMS_Fluox,entrenamiento_rev_1,2,2/5/2023,15:44:00,5.4,1.062,0.196,0,1.2,1.6,2.6,1,0.296,0.806,1,0.448
332,1-2,CUMS_Fluox,entrenamiento_rev_1,3,2/5/2023,15:46:00,23.6,4.498,0.191,8,8.9,3.1,3.6,0,0.437,NA,1,0.334
333,1-2,CUMS_Fluox,entrenamiento_rev_1,4,2/5/2023,15:48:00,41.9,8.303,0.198,8.5,18.5,5.2,9.7,2,0.401,0.996,1,0.306
334,2-2,CUMS_Fluox,entrenamiento_rev_1,1,2/5/2023,15:49:00,60,10.57,0.176,3.4,2.8,31.5,22.3,1,0.321,0.357,0,0.598
335,2-2,CUMS_Fluox,entrenamiento_rev_1,2,2/5/2023,15:53:00,60,9.069,0.151,5.4,8.6,11.8,34.3,4,0.268,0.154,0,0.5
336,2-2,CUMS_Fluox,entrenamiento_rev_1,3,2/5/2023,15:56:00,11.7,2.025,0.173,5.7,1.4,0,4.6,1,0.31,0.886,1,0.455
337,2-2,CUMS_Fluox,entrenamiento_rev_1,4,2/5/2023,15:58:00,17.5,3.97,0.227,4.6,2.5,3.1,7.3,0,0.335,NA,1,0.508
338,3-2,CUMS_Fluox,entrenamiento_rev_1,1,2/5/2023,16:00:00,15.3,3.219,0.21,5.1,9,1.2,0,0,0.593,NA,1,0.25
339,3-2,CUMS_Fluox,entrenamiento_rev_1,2,2/5/2023,16:00:00,6.3,1.303,0.206,0.6,3.2,0,2.6,0,0.458,NA,1,0.353
340,3-2,CUMS_Fluox,entrenamiento_rev_1,3,2/5/2023,16:01:00,13.3,2.45,0.184,0,10.9,2.4,0,0,0.663,NA,1,0.146
341,3-2,CUMS_Fluox,entrenamiento_rev_1,4,2/5/2023,16:02:00,24.9,4.991,0.2,3.2,11.7,3.2,6.7,0,0.464,NA,1,0.382
342,4-2,CUMS_Fluox,entrenamiento_rev_1,1,2/5/2023,16:04:00,60,14.666,0.244,21.5,6.2,9.2,23.2,3,0.34,0.055,0,0.523
343,4-2,CUMS_Fluox,entrenamiento_rev_1,2,2/5/2023,16:06:00,7.4,1.751,0.235,1.8,1.1,0,4.5,0,0.313,NA,1,0.487
344,4-2,CUMS_Fluox,entrenamiento_rev_1,3,2/5/2023,16:06:00,20.1,4.4,0.219,2.5,5.9,4.6,7.1,0,0.396,NA,1,0.416
345,4-2,CUMS_Fluox,entrenamiento_rev_1,4,2/5/2023,16:08:00,12.6,2.418,0.192,2.3,5.5,2.2,2.7,0,0.412,NA,1,0.331
362,1b,CUMS_ctrl,entrenamiento_rev_2,1,2/6/2023,15:53:00,18.2,4.261,0.234,3.6,2.9,5.1,6.6,0,0.289,NA,1,0.432
363,1b,CUMS_ctrl,entrenamiento_rev_2,2,2/6/2023,15:54:00,10,1.979,0.198,2,4.9,3.2,0,0,0.563,NA,1,0.237
364,1b,CUMS_ctrl,entrenamiento_rev_2,3,2/6/2023,15:54:00,16.1,3.221,0.2,4.1,7.3,2.1,2.7,0,0.482,NA,1,0.269
365,1b,CUMS_ctrl,entrenamiento_rev_2,4,2/6/2023,15:55:00,10.8,2,0.184,0.9,5.2,3.2,1.5,0,0.494,NA,1,0.252
366,2b,CUMS_ctrl,entrenamiento_rev_2,1,2/6/2023,15:56:00,60,13.35,0.223,16.7,0.7,7.9,34.8,5,0.26,0.796,0,0.6
367,2b,CUMS_ctrl,entrenamiento_rev_2,2,2/6/2023,15:58:00,7.8,1.557,0.2,2.3,1,0,4.5,0,0.309,NA,1,0.502
368,2b,CUMS_ctrl,entrenamiento_rev_2,3,2/6/2023,15:59:00,12.5,2.006,0.161,4.1,5.1,1.8,1.5,0,0.494,NA,1,0.224
369,2b,CUMS_ctrl,entrenamiento_rev_2,4,2/6/2023,16:00:00,7.7,1.793,0.232,2.4,3.5,0.8,1,0,0.461,NA,1,0.272
370,3b,CUMS_ctrl,entrenamiento_rev_2,1,2/6/2023,16:01:00,3.8,0.88,0.232,1.3,0.8,0,1.7,0,0.319,NA,1,0.519
371,3b,CUMS_ctrl,entrenamiento_rev_2,2,2/6/2023,16:02:00,11.8,3.067,0.26,2.7,5,2.9,1.3,0,0.537,NA,1,0.338
372,3b,CUMS_ctrl,entrenamiento_rev_2,3,2/6/2023,16:03:00,2.7,0.738,0.271,2.2,0.5,0,0,0,0.458,NA,1,0.297
373,3b,CUMS_ctrl,entrenamiento_rev_2,4,2/6/2023,16:03:00,3.8,0.815,0.214,0,0.8,3,0,0,0.364,NA,1,0.317
374,1-1,CUMS_ctrl,entrenamiento_rev_2,1,2/6/2023,16:05:00,4.8,1.219,0.255,0.4,2.1,0,2.2,0,0.394,NA,1,0.386
375,1-1,CUMS_ctrl,entrenamiento_rev_2,2,2/6/2023,16:06:00,5.8,1.449,0.252,1.3,1.4,0,3,0,0.332,NA,1,0.534
376,1-1,CUMS_ctrl,entrenamiento_rev_2,3,2/6/2023,16:06:00,12.4,3.224,0.259,3.5,2.9,2.5,3.5,1,0.375,0.225,1,0.441
377,1-1,CUMS_ctrl,entrenamiento_rev_2,4,2/6/2023,16:07:00,14.9,3.648,0.245,1.8,4.6,3.3,5.2,0,0.384,NA,1,0.389
378,2-1,CUMS_ctrl,entrenamiento_rev_2,1,2/6/2023,16:09:00,6.8,1.24,0.182,0.3,4.3,0,2.2,0,0.499,NA,1,0.263
379,2-1,CUMS_ctrl,entrenamiento_rev_2,2,2/6/2023,16:10:00,11.7,1.974,0.169,0,5.4,2.8,3.4,0,0.394,NA,1,0.296
380,2-1,CUMS_ctrl,entrenamiento_rev_2,3,2/6/2023,16:13:00,33,5.238,0.159,1.7,20.5,6.5,4.3,0,0.51,NA,1,0.24
381,2-1,CUMS_ctrl,entrenamiento_rev_2,4,2/6/2023,16:14:00,2.3,0.358,0.156,0,0.7,1.6,0,0,0.535,NA,1,0.242
382,3-1,CUMS_ctrl,entrenamiento_rev_2,1,2/6/2023,16:15:00,4.3,1.061,0.248,0.1,1,0,3.1,1,0.243,0.786,1,0.525
383,3-1,CUMS_ctrl,entrenamiento_rev_2,2,2/6/2023,16:15:00,4.3,1.153,0.27,0.6,0.9,0,2.8,1,0.288,0.742,1,0.546
384,3-1,CUMS_ctrl,entrenamiento_rev_2,3,2/6/2023,16:16:00,4.5,0.998,0.222,3.7,0.8,0,0,0,0.466,NA,1,0.438
385,3-1,CUMS_ctrl,entrenamiento_rev_2,4,2/6/2023,16:16:00,24.5,5.412,0.22,3.1,9,5,7.5,0,0.419,NA,1,0.397
386,4-1,CUMS_ctrl,entrenamiento_rev_2,1,2/6/2023,16:18:00,6.3,0.701,0.111,3.1,3.2,0,0,0,0.493,NA,1,0.314
387,4-1,CUMS_ctrl,entrenamiento_rev_2,2,2/6/2023,16:19:00,7.7,1.738,0.225,0,3.8,0.9,3,1,0.423,0.69,1,0.414
388,4-1,CUMS_ctrl,entrenamiento_rev_2,3,2/6/2023,16:19:00,1.7,0.352,0.201,0.6,1.1,0,0,0,0.695,NA,1,0.209
389,4-1,CUMS_ctrl,entrenamiento_rev_2,4,2/6/2023,16:20:00,20.8,4.508,0.217,4.4,6.9,5.3,4.2,0,0.383,NA,1,0.339
346,1a,CUMS_Fluox,entrenamiento_rev_2,1,2/6/2023,15:31:00,60,13.801,0.23,1.1,3.9,23.9,31.1,7,0.269,0.953,0,0.57
347,1a,CUMS_Fluox,entrenamiento_rev_2,2,2/6/2023,15:33:00,9.9,2.006,0.203,0.7,4.3,4.9,0,0,0.423,NA,1,0.276
348,1a,CUMS_Fluox,entrenamiento_rev_2,3,2/6/2023,15:34:00,19,3.579,0.188,1.6,7,4.9,5.5,1,0.42,0.459,1,0.377
349,1a,CUMS_Fluox,entrenamiento_rev_2,4,2/6/2023,15:35:00,15.5,2.64,0.17,0.9,3.3,7.9,3.4,1,0.397,0.627,1,0.317
350,2a,CUMS_Fluox,entrenamiento_rev_2,1,2/6/2023,15:37:00,5.3,1.104,0.207,2.1,3.2,0,0,0,0.489,NA,1,0.279
351,2a,CUMS_Fluox,entrenamiento_rev_2,2,2/6/2023,15:37:00,5.6,1.3,0.233,2,1,0,2.6,0,0.334,NA,1,0.515
352,2a,CUMS_Fluox,entrenamiento_rev_2,3,2/6/2023,15:38:00,11.7,2.504,0.214,0.9,5.2,2.3,3.3,1,0.444,0.393,1,0.321
353,2a,CUMS_Fluox,entrenamiento_rev_2,4,2/6/2023,15:39:00,11.4,2.469,0.217,0,7.4,4,0,0,0.593,NA,1,0.209
354,3a,CUMS_Fluox,entrenamiento_rev_2,1,2/6/2023,15:41:00,11.2,2.855,0.254,3.1,5.2,0.7,2.3,0,0.459,NA,1,0.308
355,3a,CUMS_Fluox,entrenamiento_rev_2,2,2/6/2023,15:42:00,12.8,3.518,0.275,1.7,3.8,4.3,3,0,0.46,NA,1,0.402
356,3a,CUMS_Fluox,entrenamiento_rev_2,3,2/6/2023,15:43:00,2.8,0.699,0.252,1.9,0.9,0,0,0,0.452,NA,1,0.282
357,3a,CUMS_Fluox,entrenamiento_rev_2,4,2/6/2023,15:44:00,9.1,2.097,0.229,1.6,1.5,2.8,3.3,1,0.388,0.69,1,0.487
358,4a,CUMS_Fluox,entrenamiento_rev_2,1,2/6/2023,15:46:00,13.7,3.097,0.227,1,4,3.5,5.2,0,0.326,NA,1,0.407
359,4a,CUMS_Fluox,entrenamiento_rev_2,2,2/6/2023,15:47:00,7.3,1.407,0.193,0,3.2,0.4,3.6,1,0.404,0.627,1,0.406
360,4a,CUMS_Fluox,entrenamiento_rev_2,3,2/6/2023,15:48:00,1.3,0.162,0.123,0,1.3,0,0,0,0.559,NA,1,0.053
361,4a,CUMS_Fluox,entrenamiento_rev_2,4,2/6/2023,15:49:00,13.3,2.749,0.207,2.3,3.5,5.6,1.9,0,0.399,NA,1,0.321
390,1-2,CUMS_Fluox,entrenamiento_rev_2,1,2/6/2023,16:23:00,29.3,6.427,0.219,6.6,9.3,7.5,5.9,1,0.386,0.123,1,0.36
391,1-2,CUMS_Fluox,entrenamiento_rev_2,2,2/6/2023,16:24:00,6.6,1.27,0.193,0.7,2.2,0,3.8,1,0.355,0.797,1,0.482
392,1-2,CUMS_Fluox,entrenamiento_rev_2,3,2/6/2023,16:25:00,2.4,0.444,0.184,0.8,1.6,0,0,0,0.647,NA,1,0.196
393,1-2,CUMS_Fluox,entrenamiento_rev_2,4,2/6/2023,16:25:00,12.6,2.81,0.223,0.7,3,4.4,4.6,0,0.397,NA,1,0.402
394,2-2,CUMS_Fluox,entrenamiento_rev_2,1,2/6/2023,16:26:00,44.8,8.198,0.183,6.8,7.4,10.7,19.9,3,0.293,0.725,1,0.439
395,2-2,CUMS_Fluox,entrenamiento_rev_2,2,2/6/2023,16:28:00,14.7,2.91,0.197,0,3.1,4.4,7.2,0,0.306,NA,1,0.471
396,2-2,CUMS_Fluox,entrenamiento_rev_2,3,2/6/2023,16:29:00,11.8,2.117,0.179,2.8,4.1,1.9,3,0,0.408,NA,1,0.357
397,2-2,CUMS_Fluox,entrenamiento_rev_2,4,2/6/2023,16:30:00,19.2,3.542,0.184,4.3,4.1,5.9,4.9,1,0.413,0.453,1,0.372
398,3-2,CUMS_Fluox,entrenamiento_rev_2,1,2/6/2023,16:32:00,11.1,2.216,0.2,3.1,4.3,0,3.7,0,0.458,NA,1,0.366
399,3-2,CUMS_Fluox,entrenamiento_rev_2,2,2/6/2023,16:33:00,4.1,0.832,0.205,0,1.1,2.9,0,0,0.429,NA,1,0.463
400,3-2,CUMS_Fluox,entrenamiento_rev_2,3,2/6/2023,16:33:00,3.4,0.792,0.233,2.7,0.7,0,0,0,0.521,NA,1,0.348
401,3-2,CUMS_Fluox,entrenamiento_rev_2,4,2/6/2023,16:34:00,6.7,1.079,0.16,0,5.5,1.2,0,0,0.701,NA,1,0.16
402,4-2,CUMS_Fluox,entrenamiento_rev_2,1,2/6/2023,16:35:00,5.7,1.43,0.249,1.8,2.3,0,1.6,0,0.436,NA,1,0.35
403,4-2,CUMS_Fluox,entrenamiento_rev_2,2,2/6/2023,16:36:00,3.4,1.137,0.331,0,0.7,1.4,1.3,0,0.347,NA,1,0.52
404,4-2,CUMS_Fluox,entrenamiento_rev_2,3,2/6/2023,16:36:00,10.4,2.283,0.22,2.2,2.9,4.2,1.2,0,0.432,NA,1,0.328
405,4-2,CUMS_Fluox,entrenamiento_rev_2,4,2/6/2023,16:37:00,1.7,0.284,0.171,0,1.7,0,0,0,0.664,NA,1,0.158
410,1b,CUMS_ctrl,prueba_rev,1,2/7/2023,14:00:00,60,14.925,0.249,9.8,28.3,10.5,11.4,1,0.481,0.237,9,0.356
411,2b,CUMS_ctrl,prueba_rev,1,2/7/2023,14:13:00,60,13.398,0.223,8.1,33.4,9.4,9.1,2,0.497,0.163,8,0.264
412,3b,CUMS_ctrl,prueba_rev,1,2/7/2023,14:25:00,60,14.74,0.246,24.1,6,5.2,24.7,6,0.312,0.928,0,0.464
413,1-1,CUMS_ctrl,prueba_rev,1,2/7/2023,14:52:00,60,13.244,0.221,15.4,33.3,2.2,9.1,1,0.497,0.066,8,0.291
414,2-1,CUMS_ctrl,prueba_rev,1,2/7/2023,15:05:00,60,11.795,0.197,12.5,33.9,7.1,6.4,1,0.533,0.317,8,0.238
415,3-1,CUMS_ctrl,prueba_rev,1,2/7/2023,15:18:00,60,13.871,0.231,20.3,26.9,3.2,9.7,1,0.455,0.175,8,0.317
416,4-1,CUMS_ctrl,prueba_rev,1,2/7/2023,15:28:00,60,13.673,0.228,5.9,33,10.8,10.3,1,0.485,0.295,9,0.254
406,1a,CUMS_Fluox,prueba_rev,1,2/7/2023,13:12:00,60,12.01,0.2,14.3,11.6,26.4,7.7,2,0.427,0.095,1,0.392
407,2a,CUMS_Fluox,prueba_rev,1,2/7/2023,13:22:00,60,12.57,0.21,23.5,17.4,5,14.1,0,0.392,NA,3,0.39
408,3a,CUMS_Fluox,prueba_rev,1,2/7/2023,13:33:00,60,11.126,0.185,7.4,43.6,0.6,8.5,0,0.566,NA,10,0.222
409,4a,CUMS_Fluox,prueba_rev,1,2/7/2023,13:48:00,60,14.204,0.237,16.8,22.2,5.3,15.7,2,0.409,0.127,2,0.369
417,1-2,CUMS_Fluox,prueba_rev,1,2/7/2023,15:39:00,60,11.831,0.197,9.8,33.9,10.3,6.1,0,0.507,NA,5,0.264
418,2-2,CUMS_Fluox,prueba_rev,1,2/7/2023,15:52:00,60,11.545,0.192,14.7,32.5,6.7,6.1,0,0.488,NA,3,0.257
419,3-2,CUMS_Fluox,prueba_rev,1,2/7/2023,16:00:00,60,12.489,0.208,3.5,31.3,15.6,9.6,2,0.54,0.163,5,0.295
420,4-2,CUMS_Fluox,prueba_rev,1,2/7/2023,16:07:00,60,14.497,0.242,13.5,30.7,9.2,6.6,0,0.51,NA,8,0.299
5,1b,CUMS_ctrl,pre-entrenamiento 1 salida,1,12/16/2022,15:13:00,27.1,6.275,0.232,5.7,2.7,11.4,7.4,0,0.43,NA,0,0.584
6,2b,CUMS_ctrl,pre-entrenamiento 1 salida,1,12/16/2022,15:15:00,30.3,7.636,0.252,5.3,5,9.2,10.8,1,0.399,0.049,0,0.537
7,3b,CUMS_ctrl,pre-entrenamiento 1 salida,1,12/16/2022,15:18:00,13.2,3.275,0.247,2.1,0.1,6.3,4.8,0,0.367,NA,0,0.647
8,1-1,CUMS_ctrl,pre-entrenamiento 1 salida,1,12/16/2022,15:20:00,60,4.076,0.068,34.1,6.3,13.2,6.4,0,0.4,NA,0,0.613
9,2-1,CUMS_ctrl,pre-entrenamiento 1 salida,1,12/16/2022,15:21:00,11.5,2.246,0.196,3.6,0,0,7.8,1,0.254,0.405,0,0.641
10,3-1,CUMS_ctrl,pre-entrenamiento 1 salida,1,12/16/2022,15:25:00,55.3,10.104,0.183,9.4,6.6,23.1,16.2,0,0.421,NA,1,0.522
11,4-1,CUMS_ctrl,pre-entrenamiento 1 salida,1,12/16/2022,15:27:00,45.3,10.116,0.223,1.5,9.6,18.7,15.5,0,0.453,NA,0,0.564
1,1a,CUMS_Fluox,pre-entrenamiento 1 salida,1,12/16/2022,15:04:00,60,12.342,0.206,20.5,4.5,8.8,26.2,1,0.356,0.035,0,0.58
2,2a,CUMS_Fluox,pre-entrenamiento 1 salida,1,12/16/2022,15:06:00,9.4,1.556,0.165,0,0,2.5,6.9,0,0.304,NA,0,0.73
3,3a,CUMS_Fluox,pre-entrenamiento 1 salida,1,12/16/2022,15:07:00,46.3,11.319,0.244,11.4,13.4,9.9,11.5,0,0.461,NA,0,0.426
4,4a,CUMS_Fluox,pre-entrenamiento 1 salida,1,12/16/2022,15:09:00,9,1.738,0.192,0.8,0.9,1.8,5.6,1,0.262,0.299,0,0.618
12,1-2,CUMS_Fluox,pre-entrenamiento 1 salida,1,12/16/2022,15:31:00,47.9,8.039,0.168,3.4,0,8.9,35.7,0,0.274,NA,0,0.709
13,2-2,CUMS_Fluox,pre-entrenamiento 1 salida,1,12/16/2022,15:32:00,60,11.701,0.195,12.9,6.9,11.5,28.7,1,0.374,0.113,1,0.607
14,3-2,CUMS_Fluox,pre-entrenamiento 1 salida,1,12/16/2022,15:35:00,9.2,1.485,0.162,0,0,3.9,5.2,0,0.388,NA,0,0.678
15,4-2,CUMS_Fluox,pre-entrenamiento 1 salida,1,12/16/2022,15:36:00,35.4,7.124,0.201,4.7,10,8.1,12.6,0,0.457,NA,0,0.525
32,1b,CUMS_ctrl,entrenamiento_1,1,12/19/2022,15:15:00,60,12.676,0.211,28.5,20.6,7.7,3.2,0,0.621,NA,0,0.416
33,1b,CUMS_ctrl,entrenamiento_1,2,12/19/2022,15:17:00,31,5.304,0.171,11.8,0,0,19.2,1,0.296,0.058,0,0.679
34,1b,CUMS_ctrl,entrenamiento_1,3,12/19/2022,15:18:00,14.4,2.089,0.145,3.8,9.2,0,1.4,1,0.633,0.381,0,0.25
35,1b,CUMS_ctrl,entrenamiento_1,4,12/19/2022,15:19:00,45.1,7.996,0.177,4.9,9.1,8.7,22.5,1,0.351,0.045,0,0.537
36,2b,CUMS_ctrl,entrenamiento_1,1,12/19/2022,15:22:00,46.6,9.624,0.206,8.4,21.2,12.8,4.2,1,0.59,0.083,1,0.345
37,2b,CUMS_ctrl,entrenamiento_1,2,12/19/2022,15:23:00,21.7,4.639,0.214,4.3,3.7,5,8.7,1,0.402,0.043,0,0.492
38,2b,CUMS_ctrl,entrenamiento_1,3,12/19/2022,15:24:00,10.2,1.721,0.169,2.9,3.4,3.1,0.8,1,0.498,0.354,0,0.259
39,2b,CUMS_ctrl,entrenamiento_1,4,12/19/2022,15:25:00,13,1.938,0.15,3.2,0,2.5,7.3,1,0.323,0.19,0,0.645
40,3b,CUMS_ctrl,entrenamiento_1,1,12/19/2022,15:27:00,60,14.258,0.238,15.5,20.6,15.4,8.4,0,0.551,NA,0,0.388
41,3b,CUMS_ctrl,entrenamiento_1,2,12/19/2022,15:29:00,5.3,1.082,0.206,2,0,0,3.2,1,0.323,0.399,0,0.679
42,3b,CUMS_ctrl,entrenamiento_1,3,12/19/2022,15:30:00,3.4,0.37,0.109,0,0,0,3.4,1,0.226,0.9,0,0.752
43,3b,CUMS_ctrl,entrenamiento_1,4,12/19/2022,15:31:00,21.8,4.255,0.195,12.1,0,4,5.7,1,0.344,0.108,0,0.531
44,1-1,CUMS_ctrl,entrenamiento_1,1,12/19/2022,15:34:00,60,13.17,0.22,17.5,25.1,8.5,8.9,0,0.559,NA,2,0.402
45,1-1,CUMS_ctrl,entrenamiento_1,2,12/19/2022,15:36:00,17.1,3.484,0.204,5.9,2.4,4.1,4.7,1,0.403,0.089,0,0.496
46,1-1,CUMS_ctrl,entrenamiento_1,3,12/19/2022,15:37:00,60,12.524,0.209,5.1,10.5,15.6,28.8,0,0.387,NA,2,0.568
47,1-1,CUMS_ctrl,entrenamiento_1,4,12/19/2022,15:39:00,7.2,0.753,0.104,0,0,5.5,1.8,1,0.347,0.586,0,0.738
48,2-1,CUMS_ctrl,entrenamiento_1,1,12/19/2022,15:43:00,60,11.863,0.198,4.6,27.9,15.4,12.1,0,0.551,NA,4,0.382
49,2-1,CUMS_ctrl,entrenamiento_1,2,12/19/2022,15:44:00,16.1,3.253,0.202,1.9,6.6,3.8,3.8,1,0.478,0.146,0,0.396
50,2-1,CUMS_ctrl,entrenamiento_1,3,12/19/2022,15:45:00,59.9,12.193,0.204,11,18.2,12.9,17.9,1,0.426,0.052,2,0.409
51,2-1,CUMS_ctrl,entrenamiento_1,4,12/19/2022,15:47:00,5.7,0.787,0.137,0,0,0.5,5.2,1,0.2,0.485,0,0.772
52,3-1,CUMS_ctrl,entrenamiento_1,1,12/19/2022,15:49:00,60,13.367,0.223,14.7,20.1,17,8.2,0,0.556,NA,1,0.415
53,3-1,CUMS_ctrl,entrenamiento_1,2,12/19/2022,15:50:00,48.3,8.596,0.178,14,2.1,12.7,19.5,1,0.342,0.034,0,0.528
54,3-1,CUMS_ctrl,entrenamiento_1,3,12/19/2022,15:52:00,47.2,7.832,0.166,7.9,8.6,0,30.7,1,0.252,0.031,0,0.566
55,3-1,CUMS_ctrl,entrenamiento_1,4,12/19/2022,15:53:00,10.8,1.574,0.145,1.4,0,0.6,8.8,1,0.159,0.251,0,0.633
56,4-1,CUMS_ctrl,entrenamiento_1,1,12/19/2022,15:55:00,60,12.954,0.216,20.3,12.5,12,15.1,0,0.458,NA,0,0.462
57,4-1,CUMS_ctrl,entrenamiento_1,2,12/19/2022,15:57:00,13.5,2.701,0.199,1.5,0,2,10,1,0.174,0.089,0,0.65
58,4-1,CUMS_ctrl,entrenamiento_1,3,12/19/2022,15:58:00,16.4,3.662,0.224,5.2,1.4,2.4,7.4,1,0.27,0.201,0,0.528
59,4-1,CUMS_ctrl,entrenamiento_1,4,12/19/2022,15:59:00,2.3,0.313,0.136,0,0,0,2.3,1,0.191,0.922,0,0.81
16,1a,CUMS_Fluox,entrenamiento_1,1,12/19/2022,14:49:00,37.9,7.813,0.206,3.9,17,14.6,2.5,1,0.628,0.099,0,0.363
17,1a,CUMS_Fluox,entrenamiento_1,2,12/19/2022,14:50:00,18.1,3.861,0.213,7.5,2.1,3.6,5,1,0.416,0.083,1,0.509
18,1a,CUMS_Fluox,entrenamiento_1,3,12/19/2022,14:51:00,32.3,6.674,0.207,11.4,11.5,0.7,8.7,1,0.475,0.109,1,0.417
19,1a,CUMS_Fluox,entrenamiento_1,4,12/19/2022,14:52:00,60,11.517,0.192,10.3,26.6,12.9,10.2,0,0.529,NA,4,0.336
20,2a,CUMS_Fluox,entrenamiento_1,1,12/19/2022,14:56:00,60,12.893,0.215,13.7,33.3,12.1,0.9,0,0.628,NA,1,0.275
21,2a,CUMS_Fluox,entrenamiento_1,2,12/19/2022,14:58:00,22.4,3.831,0.171,10.5,0,0,11.8,1,0.278,0.069,0,0.608
22,2a,CUMS_Fluox,entrenamiento_1,3,12/19/2022,14:59:00,18.1,3.114,0.172,8.1,6.1,0,3.8,1,0.481,0.254,0,0.367
23,2a,CUMS_Fluox,entrenamiento_1,4,12/19/2022,15:01:00,60,15.475,0.258,10.2,13.8,22.1,13.8,0,0.461,NA,0,0.464
24,3a,CUMS_Fluox,entrenamiento_1,1,12/19/2022,15:03:00,32.5,7.394,0.227,10.6,7.1,2.9,12,1,0.39,0.043,1,0.501
25,3a,CUMS_Fluox,entrenamiento_1,2,12/19/2022,15:04:00,39.9,8.315,0.208,11.1,7.3,7.1,14.4,1,0.366,0.096,0,0.508
26,3a,CUMS_Fluox,entrenamiento_1,3,12/19/2022,15:05:00,12.5,2.412,0.193,1.7,3.2,6.6,1,1,0.397,0.155,0,0.454
27,3a,CUMS_Fluox,entrenamiento_1,4,12/19/2022,15:06:00,10,1.646,0.164,4.4,0,0.9,4.8,1,0.274,0.154,0,0.618
28,4a,CUMS_Fluox,entrenamiento_1,1,12/19/2022,15:07:00,60,12.244,0.204,20.6,28.1,7.7,3.6,0,0.647,NA,0,0.336
29,4a,CUMS_Fluox,entrenamiento_1,2,12/19/2022,15:10:00,6.5,0.939,0.145,1.6,0,0,4.8,1,0.207,0.381,0,0.78
30,4a,CUMS_Fluox,entrenamiento_1,3,12/19/2022,15:11:00,44.3,8.541,0.193,12.9,5.5,12.3,13.6,1,0.39,0.073,0,0.537
31,4a,CUMS_Fluox,entrenamiento_1,4,12/19/2022,15:12:00,4.4,0.537,0.121,0,0,0,4.4,1,0.231,0.572,0,0.801
60,1-2,CUMS_Fluox,entrenamiento_1,1,12/19/2022,16:02:00,60,13.927,0.232,18.6,20.7,10.2,10.4,0,0.568,NA,1,0.454
61,1-2,CUMS_Fluox,entrenamiento_1,2,12/19/2022,16:03:00,39.9,8.749,0.219,11,6.1,8.9,14,1,0.401,0.038,0,0.537
62,1-2,CUMS_Fluox,entrenamiento_1,3,12/19/2022,16:04:00,6,1.501,0.248,1.5,0,0,4.5,1,0.184,0.227,0,0.728
63,1-2,CUMS_Fluox,entrenamiento_1,4,12/19/2022,16:05:00,14.6,2.775,0.19,4.4,0.4,4.9,4.9,1,0.344,0.147,0,0.631
64,2-2,CUMS_Fluox,entrenamiento_1,1,12/19/2022,16:07:00,7,1.307,0.187,0,2.9,2.2,1.9,1,0.445,0.515,0,0.406
65,2-2,CUMS_Fluox,entrenamiento_1,2,12/19/2022,16:08:00,3.8,0.721,0.19,1.9,0,0,1.9,1,0.236,0.492,0,0.552
66,2-2,CUMS_Fluox,entrenamiento_1,3,12/19/2022,16:08:00,60,14.841,0.247,15.5,9.4,16.6,18.4,0,0.436,NA,0,0.492
67,2-2,CUMS_Fluox,entrenamiento_1,4,12/19/2022,16:10:00,16.7,3.237,0.193,2.6,2.1,1,11,1,0.232,0.107,0,0.543
68,3-2,CUMS_Fluox,entrenamiento_1,1,12/19/2022,16:11:00,9.6,1.947,0.204,3.9,4,1,0.7,1,0.595,0.426,1,0.312
69,3-2,CUMS_Fluox,entrenamiento_1,2,12/19/2022,16:12:00,6.3,1.458,0.23,2.4,0,0,4,1,0.295,0.472,0,0.591
70,3-2,CUMS_Fluox,entrenamiento_1,3,12/19/2022,16:12:00,51.8,11.145,0.215,7.2,9.4,11.4,23.9,1,0.378,0.027,1,0.557
71,3-2,CUMS_Fluox,entrenamiento_1,4,12/19/2022,16:13:00,5.5,0.733,0.133,0,0,1.7,3.8,1,0.27,0.54,0,0.744
72,4-2,CUMS_Fluox,entrenamiento_1,1,12/19/2022,16:15:00,60,13.928,0.232,9.4,19.8,23,7.7,0,0.525,NA,1,0.41
73,4-2,CUMS_Fluox,entrenamiento_1,2,12/19/2022,16:17:00,54,11.318,0.21,8.1,10.7,12,23.2,1,0.393,0.031,0,0.525
74,4-2,CUMS_Fluox,entrenamiento_1,3,12/19/2022,16:18:00,53.4,9.945,0.186,9.4,4.2,13.3,26.5,1,0.311,0.033,1,0.577
75,4-2,CUMS_Fluox,entrenamiento_1,4,12/19/2022,16:20:00,40.3,6.464,0.16,2.8,0,15.4,22.1,1,0.292,0.053,0,0.695
92,1b,CUMS_ctrl,entrenamiento_2,1,12/20/2022,15:02:00,4.5,0.776,0.173,1.5,0,0,2.9,1,0.228,0.34,0,0.668
93,1b,CUMS_ctrl,entrenamiento_2,2,12/20/2022,15:02:00,22.7,5.077,0.224,2.9,5.9,4.9,9,1,0.399,0.153,0,0.492
94,1b,CUMS_ctrl,entrenamiento_2,3,12/20/2022,15:03:00,2,0.279,0.136,0,0,0.5,1.5,1,0.141,0.907,0,0.664
95,1b,CUMS_ctrl,entrenamiento_2,4,12/20/2022,15:04:00,25.8,5.866,0.227,8.5,4.8,6.4,6.1,1,0.483,0.115,0,0.474
96,2b,CUMS_ctrl,entrenamiento_2,1,12/20/2022,15:07:00,3.7,0.689,0.186,1,0,0,2.7,1,0.175,0.384,0,0.562
97,2b,CUMS_ctrl,entrenamiento_2,2,12/20/2022,15:07:00,8.3,2.03,0.245,4.2,2,1.2,1,1,0.496,0.384,1,0.37
98,2b,CUMS_ctrl,entrenamiento_2,3,12/20/2022,15:08:00,1.9,0.368,0.196,0,0,0,1.9,1,0.193,0.799,0,0.82
99,2b,CUMS_ctrl,entrenamiento_2,4,12/20/2022,15:08:00,16.9,3.932,0.233,1.2,4.1,3.2,8.4,1,0.354,0.189,0,0.444
100,3b,CUMS_ctrl,entrenamiento_2,1,12/20/2022,15:09:00,37,10.119,0.273,9.5,11,4.7,11.8,1,0.384,0.033,2,0.387
101,3b,CUMS_ctrl,entrenamiento_2,2,12/20/2022,15:10:00,8.1,2.217,0.275,2.9,0,2.5,2.6,1,0.329,0.3,0,0.504
102,3b,CUMS_ctrl,entrenamiento_2,3,12/20/2022,15:12:00,3.3,0.738,0.226,0.9,0,0.2,2.2,1,0.188,0.259,0,0.467
103,3b,CUMS_ctrl,entrenamiento_2,4,12/20/2022,15:12:00,23.1,5.441,0.235,2.6,5.4,2.1,13.1,1,0.318,0.137,0,0.524
104,1-1,CUMS_ctrl,entrenamiento_2,1,12/20/2022,15:15:00,33.1,7.755,0.234,9.5,6.2,4.1,13.4,1,0.393,0.042,1,0.52
105,1-1,CUMS_ctrl,entrenamiento_2,2,12/20/2022,15:16:00,6.2,1.31,0.21,0,1.4,1.6,3.3,1,0.327,0.544,0,0.457
106,1-1,CUMS_ctrl,entrenamiento_2,3,12/20/2022,15:17:00,21.8,3.964,0.182,1.6,3.6,4.3,12.3,1,0.271,0.044,1,0.482
107,1-1,CUMS_ctrl,entrenamiento_2,4,12/20/2022,15:18:00,12.5,2.163,0.174,2,5.4,0.2,4.9,1,0.42,0.363,0,0.384
108,2-1,CUMS_ctrl,entrenamiento_2,1,12/20/2022,15:21:00,16.1,3.497,0.217,3,3.2,2.7,7.2,1,0.338,0.097,0,0.512
109,2-1,CUMS_ctrl,entrenamiento_2,2,12/20/2022,15:22:00,3.3,0.735,0.222,0,0,2.5,0.8,1,0.399,0.949,0,0.353
110,2-1,CUMS_ctrl,entrenamiento_2,3,12/20/2022,15:22:00,60,12.731,0.212,7.6,9.5,20.9,22,0,0.377,NA,1,0.503
111,2-1,CUMS_ctrl,entrenamiento_2,4,12/20/2022,15:25:00,8.8,1.331,0.151,2.4,4.4,0,2,1,0.444,0.489,1,0.262
112,3-1,CUMS_ctrl,entrenamiento_2,1,12/20/2022,15:27:00,11.5,2.701,0.235,2,0,0,9.4,1,0.176,0.108,0,0.666
113,3-1,CUMS_ctrl,entrenamiento_2,2,12/20/2022,15:27:00,3.4,0.866,0.255,0,0,2.5,0.9,1,0.393,0.784,0,0.468
114,3-1,CUMS_ctrl,entrenamiento_2,3,12/20/2022,15:28:00,16,3.938,0.247,3,3.3,6.4,3.3,1,0.433,0.121,0,0.439
115,3-1,CUMS_ctrl,entrenamiento_2,4,12/20/2022,15:28:00,5.3,1.277,0.239,0,1.8,0.7,2.9,1,0.304,0.555,0,0.46
116,4-1,CUMS_ctrl,entrenamiento_2,1,12/20/2022,15:30:00,3.6,0.754,0.209,2.8,0,0,0.8,1,0.32,0.514,0,0.539
117,4-1,CUMS_ctrl,entrenamiento_2,2,12/20/2022,15:30:00,52.3,13.287,0.254,16.6,12.6,6.4,16.6,1,0.427,0.058,2,0.493
118,4-1,CUMS_ctrl,entrenamiento_2,3,12/20/2022,15:31:00,14.4,3.319,0.23,5.5,2.5,2.2,4.2,1,0.393,0.118,1,0.457
119,4-1,CUMS_ctrl,entrenamiento_2,4,12/20/2022,15:32:00,2.9,0.591,0.2,1.8,0,0,1.1,1,0.291,0.888,0,0.422
76,1a,CUMS_Fluox,entrenamiento_2,1,12/20/2022,14:42:00,21.3,4.89,0.23,5.4,3.1,3.1,9.7,1,0.284,0.072,1,0.518
77,1a,CUMS_Fluox,entrenamiento_2,2,12/20/2022,14:43:00,8.2,1.98,0.24,0,3,4,1.2,1,0.4,0.215,0,0.398
78,1a,CUMS_Fluox,entrenamiento_2,3,12/20/2022,14:44:00,1.6,0.229,0.146,0,0,0,1.6,1,0.138,0.963,0,0.687
79,1a,CUMS_Fluox,entrenamiento_2,4,12/20/2022,14:44:00,26.7,6.08,0.227,9.6,5.9,0,11.3,1,0.355,0.105,2,0.511
80,2a,CUMS_Fluox,entrenamiento_2,1,12/20/2022,14:48:00,60,15.564,0.259,12.5,12.2,15.6,19.7,0,0.37,NA,3,0.477
81,2a,CUMS_Fluox,entrenamiento_2,2,12/20/2022,14:50:00,30.6,6.114,0.2,5.6,5.1,8.5,11.5,1,0.298,0.054,0,0.496
82,2a,CUMS_Fluox,entrenamiento_2,3,12/20/2022,14:51:00,11.2,2.137,0.19,3.1,3.2,2.1,2.9,1,0.377,0.31,0,0.361
83,2a,CUMS_Fluox,entrenamiento_2,4,12/20/2022,14:51:00,16.3,3.027,0.185,3.3,1.3,3,8.8,1,0.244,0.088,0,0.442
84,3a,CUMS_Fluox,entrenamiento_2,1,12/20/2022,14:53:00,3,0.333,0.11,0,0,0,3,1,0.167,0.611,0,0.668
85,3a,CUMS_Fluox,entrenamiento_2,2,12/20/2022,14:53:00,5.5,1.366,0.247,0,1.8,2.5,1.2,1,0.498,0.576,0,0.436
86,3a,CUMS_Fluox,entrenamiento_2,3,12/20/2022,14:54:00,3.4,0.818,0.241,1.4,0,1,1,1,0.24,0.4,0,0.449
87,3a,CUMS_Fluox,entrenamiento_2,4,12/20/2022,14:54:00,6.4,1.525,0.239,0,2.9,2,1.6,1,0.453,0.485,1,0.386
88,4a,CUMS_Fluox,entrenamiento_2,1,12/20/2022,14:56:00,1.8,0.264,0.15,0,0,0,1.8,1,0.17,0.89,0,0.647
89,4a,CUMS_Fluox,entrenamiento_2,2,12/20/2022,14:57:00,60,16.257,0.271,12.3,16.5,14.7,16.5,0,0.433,NA,1,0.491
90,4a,CUMS_Fluox,entrenamiento_2,3,12/20/2022,14:58:00,20.3,4.116,0.203,0,4.5,7.1,8.7,1,0.374,0.087,0,0.501
91,4a,CUMS_Fluox,entrenamiento_2,4,12/20/2022,14:59:00,3.8,0.789,0.206,3,0,0,0.8,1,0.385,0.823,0,0.411
120,1-2,CUMS_Fluox,entrenamiento_2,1,12/20/2022,15:36:00,6,0.643,0.107,3.7,0,0,2.3,1,0.235,0.489,0,0.612
121,1-2,CUMS_Fluox,entrenamiento_2,2,12/20/2022,15:36:00,8.4,1.254,0.148,0,2.5,1.8,4.2,1,0.334,0.624,0,0.455
122,1-2,CUMS_Fluox,entrenamiento_2,3,12/20/2022,15:37:00,7.6,1.827,0.242,3.4,0.7,2.3,1.2,1,0.393,0.18,0,0.428
123,1-2,CUMS_Fluox,entrenamiento_2,4,12/20/2022,15:37:00,5.4,0.963,0.178,2,1.7,0,1.7,1,0.38,0.759,0,0.375
124,2-2,CUMS_Fluox,entrenamiento_2,1,12/20/2022,15:40:00,4.5,0.924,0.205,0,0,0,4.5,1,0.2,0.364,0,0.802
125,2-2,CUMS_Fluox,entrenamiento_2,2,12/20/2022,15:40:00,4.2,1.048,0.252,0.3,3.1,0,0.8,1,0.533,0.76,0,0.207
126,2-2,CUMS_Fluox,entrenamiento_2,3,12/20/2022,15:41:00,4.7,0.975,0.206,0,0,3.8,0.9,1,0.383,0.414,0,0.531
127,2-2,CUMS_Fluox,entrenamiento_2,4,12/20/2022,15:41:00,2.4,0.627,0.258,1.7,0,0,0.7,1,0.375,0.999,0,0.382
128,3-2,CUMS_Fluox,entrenamiento_2,1,12/20/2022,15:43:00,43.6,9.224,0.211,15.6,9.1,3.7,15.2,1,0.44,0.032,1,0.526
129,3-2,CUMS_Fluox,entrenamiento_2,2,12/20/2022,15:44:00,36.8,6.963,0.189,10.4,6,9.1,11.3,1,0.329,0.113,0,0.427
130,3-2,CUMS_Fluox,entrenamiento_2,3,12/20/2022,15:45:00,6.2,0.735,0.118,0,0,2,4.2,1,0.253,0.444,0,0.714
131,3-2,CUMS_Fluox,entrenamiento_2,4,12/20/2022,15:45:00,13.1,2.596,0.198,0,5.5,0.2,7.4,1,0.34,0.274,2,0.416
132,4-2,CUMS_Fluox,entrenamiento_2,1,12/20/2022,15:46:00,8.5,1.99,0.235,1.5,0,1.4,5.5,1,0.176,0.171,0,0.594
133,4-2,CUMS_Fluox,entrenamiento_2,2,12/20/2022,15:47:00,8.3,1.893,0.229,0,5.2,1.4,1.7,1,0.49,0.327,1,0.217
134,4-2,CUMS_Fluox,entrenamiento_2,3,12/20/2022,15:47:00,25.1,5.698,0.227,6.5,1.5,7.7,9.5,1,0.331,0.038,0,0.532
135,4-2,CUMS_Fluox,entrenamiento_2,4,12/20/2022,15:48:00,6.5,1.28,0.198,4.3,0,0,2.2,1,0.384,0.487,0,0.59
152,1b,CUMS_ctrl,entrenamiento_3,1,12/21/2022,14:16:00,8.9,1.864,0.208,0,3.6,4.5,0.9,1,0.46,0.397,1,0.328
153,1b,CUMS_ctrl,entrenamiento_3,2,12/21/2022,14:16:00,3.8,0.899,0.234,1.6,1.5,0,0.7,1,0.496,0.787,0,0.327
154,1b,CUMS_ctrl,entrenamiento_3,3,12/21/2022,14:16:00,2.1,0.293,0.137,0,0,0,2.1,1,0.184,0.937,0,0.689
155,1b,CUMS_ctrl,entrenamiento_3,4,12/21/2022,14:17:00,5.2,0.957,0.185,0.7,0,0,4.5,1,0.159,0.242,0,0.62
156,2b,CUMS_ctrl,entrenamiento_3,1,12/21/2022,14:18:00,16.1,4.169,0.259,1.8,4,3.7,6.7,1,0.374,0.139,1,0.454
157,2b,CUMS_ctrl,entrenamiento_3,2,12/21/2022,14:19:00,2.4,0.75,0.317,1.1,0.6,0,0.7,1,0.394,0.896,0,0.36
158,2b,CUMS_ctrl,entrenamiento_3,3,12/21/2022,14:20:00,9.4,2.19,0.234,2.5,3.2,0.1,3.6,1,0.378,0.157,0,0.394
159,2b,CUMS_ctrl,entrenamiento_3,4,12/21/2022,14:20:00,23.2,5.199,0.224,9.2,4.9,2.4,6.7,1,0.349,0.071,1,0.391
160,3b,CUMS_ctrl,entrenamiento_3,1,12/21/2022,14:22:00,20.6,4.695,0.228,9.2,4.2,1.8,5.5,1,0.374,0.103,0,0.45
161,3b,CUMS_ctrl,entrenamiento_3,2,12/21/2022,14:22:00,17.6,4.232,0.24,3.4,3.9,4.4,5.9,1,0.369,0.169,0,0.402
162,3b,CUMS_ctrl,entrenamiento_3,3,12/21/2022,14:23:00,22.1,4.398,0.199,3.8,2.7,0.8,14.8,1,0.267,0.062,0,0.567
163,3b,CUMS_ctrl,entrenamiento_3,4,12/21/2022,14:24:00,7.6,1.369,0.18,0,0,2.5,5.1,1,0.159,0.218,0,0.609
164,1-1,CUMS_ctrl,entrenamiento_3,1,12/21/2022,14:27:00,49.6,9.15,0.184,7.5,7.3,12.5,22.3,1,0.341,0.081,1,0.526
165,1-1,CUMS_ctrl,entrenamiento_3,2,12/21/2022,14:28:00,33.3,6.343,0.19,8.5,6,9.5,9.3,1,0.382,0.105,0,0.422
166,1-1,CUMS_ctrl,entrenamiento_3,3,12/21/2022,14:29:00,28,5.204,0.186,2.7,6.9,8.5,9.8,1,0.376,0.056,1,0.451
167,1-1,CUMS_ctrl,entrenamiento_3,4,12/21/2022,14:30:00,2.1,0.27,0.129,0,0,0,2.1,1,0.126,0.905,0,0.626
168,2-1,CUMS_ctrl,entrenamiento_3,1,12/21/2022,14:33:00,15.2,3.349,0.22,0.1,3.4,6,5.7,1,0.376,0.145,0,0.425
169,2-1,CUMS_ctrl,entrenamiento_3,2,12/21/2022,14:33:00,41.1,9.39,0.229,11.3,4.9,8.6,16.3,1,0.372,0.066,0,0.522
170,2-1,CUMS_ctrl,entrenamiento_3,3,12/21/2022,14:34:00,4.1,0.459,0.112,0,0,0,4.1,1,0.131,0.457,0,0.783
171,2-1,CUMS_ctrl,entrenamiento_3,4,12/21/2022,14:35:00,5.9,0.933,0.159,0,0,1.8,4.1,1,0.15,0.377,0,0.629
172,3-1,CUMS_ctrl,entrenamiento_3,1,12/21/2022,14:35:00,33.8,8.097,0.239,9.3,8.4,6.5,9.6,1,0.435,0.088,2,0.476
173,3-1,CUMS_ctrl,entrenamiento_3,2,12/21/2022,14:36:00,39.9,8.072,0.202,6.6,13.2,6,14.1,1,0.376,0.094,2,0.409
174,3-1,CUMS_ctrl,entrenamiento_3,3,12/21/2022,14:37:00,1.6,0.26,0.16,0,0,0,1.6,1,0.149,0.889,0,0.744
175,3-1,CUMS_ctrl,entrenamiento_3,4,12/21/2022,14:38:00,12.7,2.7,0.212,3.4,3.5,3.3,2.5,1,0.509,0.107,0,0.436
176,4-1,CUMS_ctrl,entrenamiento_3,1,12/21/2022,14:39:00,4.5,2.574,0.567,0,1.3,1.9,1.3,1,0.428,0.264,0,0.348
177,4-1,CUMS_ctrl,entrenamiento_3,2,12/21/2022,14:39:00,8.5,2.03,0.237,4.2,0.7,0,3.6,1,0.3,0.307,0,0.492
178,4-1,CUMS_ctrl,entrenamiento_3,3,12/21/2022,14:40:00,18.3,3.788,0.207,6.1,0.1,2.2,9.9,1,0.223,0.089,0,0.489
179,4-1,CUMS_ctrl,entrenamiento_3,4,12/21/2022,14:41:00,8,1.546,0.194,0.3,0,1.4,6.2,1,0.166,0.172,0,0.602
136,1a,CUMS_Fluox,entrenamiento_3,1,12/21/2022,13:58:00,18.1,1.477,0.081,0,0.7,17,0.5,1,0.316,0.19,0,0.323
137,1a,CUMS_Fluox,entrenamiento_3,2,12/21/2022,13:59:00,4.7,1.085,0.23,2.4,0,0,2.3,1,0.292,0.612,0,0.459
138,1a,CUMS_Fluox,entrenamiento_3,3,12/21/2022,13:59:00,14.7,3.245,0.221,2.2,3.2,3.9,5.3,1,0.37,0.076,0,0.403
139,1a,CUMS_Fluox,entrenamiento_3,4,12/21/2022,14:00:00,10.9,2.475,0.226,5.3,0,0.4,5.2,1,0.333,0.151,0,0.498
140,2a,CUMS_Fluox,entrenamiento_3,1,12/21/2022,14:03:00,0.4,0,0,0,0,0,0.4,1,0,NA,0,0.605
141,2a,CUMS_Fluox,entrenamiento_3,2,12/21/2022,14:03:00,3.5,0.784,0.226,0.5,1.3,0.4,1.2,1,0.329,0.797,0,0.319
142,2a,CUMS_Fluox,entrenamiento_3,3,12/21/2022,14:03:00,3.8,0.981,0.26,1,0,0,2.8,1,0.159,0.318,0,0.685
143,2a,CUMS_Fluox,entrenamiento_3,4,12/21/2022,14:04:00,19.6,3.973,0.203,4.7,2.8,4.4,7.7,1,0.287,0.103,0,0.397
144,3a,CUMS_Fluox,entrenamiento_3,1,12/21/2022,14:05:00,10.1,2.256,0.223,3.8,2.1,2.4,1.8,1,0.392,0.295,0,0.301
145,3a,CUMS_Fluox,entrenamiento_3,2,12/21/2022,14:07:00,5.7,1.203,0.211,2,0,0,3.7,1,0.211,0.497,0,0.591
146,3a,CUMS_Fluox,entrenamiento_3,3,12/21/2022,14:08:00,4.8,0.824,0.173,1.6,0,0,3.2,1,0.182,0.474,0,0.716
147,3a,CUMS_Fluox,entrenamiento_3,4,12/21/2022,14:08:00,9.8,2.15,0.219,4.6,1,1.1,3.2,1,0.402,0.124,0,0.475
148,4a,CUMS_Fluox,entrenamiento_3,1,12/21/2022,14:09:00,30.9,6.869,0.222,3.2,4.7,8.5,14.5,1,0.304,0.091,1,0.481
149,4a,CUMS_Fluox,entrenamiento_3,2,12/21/2022,14:10:00,3.7,0.848,0.228,0.6,1.4,0,1.8,1,0.303,0.721,0,0.383
150,4a,CUMS_Fluox,entrenamiento_3,3,12/21/2022,14:10:00,9.2,1.518,0.164,0,0,1.3,7.9,1,0.19,0.182,0,0.707
151,4a,CUMS_Fluox,entrenamiento_3,4,12/21/2022,14:11:00,5.5,1.137,0.207,0.4,0,1.7,3.3,1,0.208,0.345,0,0.599
180,1-2,CUMS_Fluox,entrenamiento_3,1,12/21/2022,14:42:00,8.8,2.093,0.239,3.1,2.5,1.1,2.1,1,0.355,0.259,0,0.356
181,1-2,CUMS_Fluox,entrenamiento_3,2,12/21/2022,14:42:00,7.9,1.583,0.201,0.7,4.3,0.3,2.6,1,0.435,0.443,0,0.323
182,1-2,CUMS_Fluox,entrenamiento_3,3,12/21/2022,14:43:00,7.1,1.482,0.209,2.7,1.5,0.1,2.7,1,0.317,0.241,0,0.456
183,1-2,CUMS_Fluox,entrenamiento_3,4,12/21/2022,14:43:00,1.9,0.3,0.157,0,0,0,1.9,1,0.184,0.963,0,0.723
184,2-2,CUMS_Fluox,entrenamiento_3,1,12/21/2022,14:45:00,4.7,1.046,0.223,0,0,3.7,1,1,0.442,0.598,0,0.403
185,2-2,CUMS_Fluox,entrenamiento_3,2,12/21/2022,14:46:00,5.9,1.157,0.197,4.9,0,0,1,1,0.393,0.467,0,0.456
186,2-2,CUMS_Fluox,entrenamiento_3,3,12/21/2022,14:46:00,2.1,0.263,0.124,0,0,0,2.1,1,0.223,0.973,0,0.803
187,2-2,CUMS_Fluox,entrenamiento_3,4,12/21/2022,14:47:00,4.9,1.016,0.206,1.3,0.3,1.8,1.5,1,0.245,0.324,0,0.45
188,3-2,CUMS_Fluox,entrenamiento_3,1,12/21/2022,14:47:00,2.9,0.758,0.257,0,0.5,1.6,0.9,1,0.407,0.959,0,0.372
189,3-2,CUMS_Fluox,entrenamiento_3,2,12/21/2022,14:48:00,6.2,1.583,0.257,1,2.1,0,3.1,1,0.339,0.498,1,0.467
190,3-2,CUMS_Fluox,entrenamiento_3,3,12/21/2022,14:48:00,3.1,0.418,0.136,2.2,0,0,0.9,1,0.281,0.795,0,0.712
191,3-2,CUMS_Fluox,entrenamiento_3,4,12/21/2022,14:49:00,4.7,0.795,0.168,0,0,1.1,3.6,1,0.141,0.457,0,0.674
192,4-2,CUMS_Fluox,entrenamiento_3,1,12/21/2022,14:49:00,60,13.058,0.218,12.8,13.9,15,18.4,0,0.389,NA,1,0.448
193,4-2,CUMS_Fluox,entrenamiento_3,2,12/21/2022,14:51:00,8.1,1.335,0.164,4.5,0,0,3.6,1,0.335,0.479,0,0.495
194,4-2,CUMS_Fluox,entrenamiento_3,3,12/21/2022,14:51:00,6.4,0.97,0.15,1.4,0,0,5,1,0.155,0.325,0,0.672
195,4-2,CUMS_Fluox,entrenamiento_3,4,12/21/2022,14:52:00,5.3,0.855,0.162,0,0,1.6,3.6,1,0.177,0.476,0,0.567
212,1b,CUMS_ctrl,entrenamiento_4,1,12/22/2022,14:00:00,4.6,0.949,0.208,1,0,1.2,2.4,1,0.185,0.305,0,0.55
213,1b,CUMS_ctrl,entrenamiento_4,2,12/22/2022,14:01:00,60,13.904,0.232,18.4,11.2,13.6,16.8,0,0.397,NA,0,0.462
214,1b,CUMS_ctrl,entrenamiento_4,3,12/22/2022,14:02:00,5.5,2.243,0.404,2.6,0,0,3,1,0.279,0.214,0,0.526
215,1b,CUMS_ctrl,entrenamiento_4,4,12/22/2022,14:03:00,11.7,2.285,0.196,5.2,1.9,1.4,3.2,1,0.396,0.241,0,0.429
216,2b,CUMS_ctrl,entrenamiento_4,1,12/22/2022,14:05:00,1.3,0.197,0.154,0,0,0,1.3,1,0.074,0.579,0,0.708
217,2b,CUMS_ctrl,entrenamiento_4,2,12/22/2022,14:05:00,2.7,0.616,0.227,0,0,0,2.7,1,0.128,0.275,0,0.761
218,2b,CUMS_ctrl,entrenamiento_4,3,12/22/2022,14:06:00,2.4,0.531,0.222,0.3,1.2,0,0.9,1,0.312,0.963,0,0.302
219,2b,CUMS_ctrl,entrenamiento_4,4,12/22/2022,14:06:00,5.6,1.301,0.234,2.8,1.9,0,0.9,1,0.372,0.489,0,0.417
220,3b,CUMS_ctrl,entrenamiento_4,1,12/22/2022,14:08:00,18.5,5.138,0.277,3.2,3.7,3.1,8.5,1,0.294,0.056,1,0.461
221,3b,CUMS_ctrl,entrenamiento_4,2,12/22/2022,14:08:00,6,1.203,0.202,3,0,0,2.9,1,0.197,0.214,0,0.627
222,3b,CUMS_ctrl,entrenamiento_4,3,12/22/2022,14:09:00,4,1.903,0.481,2,0.8,0,1.1,1,0.368,0.2,0,0.43
223,3b,CUMS_ctrl,entrenamiento_4,4,12/22/2022,14:10:00,3.4,1.218,0.357,1,1,0.6,0.9,1,0.418,0.646,0,0.33
224,1-1,CUMS_ctrl,entrenamiento_4,1,12/22/2022,14:13:00,25.7,5.41,0.21,5,1.8,4.2,14.8,1,0.271,0.037,0,0.554
225,1-1,CUMS_ctrl,entrenamiento_4,2,12/22/2022,14:14:00,9.4,0.637,0.068,2.1,0,0,7.3,1,0.103,0.389,0,0.627
226,1-1,CUMS_ctrl,entrenamiento_4,3,12/22/2022,14:15:00,9.8,1.158,0.118,2.3,1,1.1,5.4,1,0.228,0.482,0,0.413
227,1-1,CUMS_ctrl,entrenamiento_4,4,12/22/2022,14:16:00,11.1,1.782,0.161,4.3,1.2,4.2,1.3,1,0.355,0.421,0,0.404
228,2-1,CUMS_ctrl,entrenamiento_4,1,12/22/2022,14:18:00,2.6,0.369,0.14,0,0,0.7,1.9,1,0.165,0.74,0,0.62
229,2-1,CUMS_ctrl,entrenamiento_4,2,12/22/2022,14:18:00,7.7,0.93,0.121,0,0,0,7.7,1,0.095,0.151,0,0.598
230,2-1,CUMS_ctrl,entrenamiento_4,3,12/22/2022,14:19:00,10.3,2.564,0.249,2,0,2.5,5.8,1,0.226,0.18,0,0.652
231,2-1,CUMS_ctrl,entrenamiento_4,4,12/22/2022,14:20:00,23.1,4.342,0.188,7,1.3,3.3,11.4,1,0.268,0.022,0,0.532
232,3-1,CUMS_ctrl,entrenamiento_4,1,12/22/2022,14:21:00,11.1,1.788,0.161,1.3,0,3.4,6.4,1,0.186,0.228,0,0.59
233,3-1,CUMS_ctrl,entrenamiento_4,2,12/22/2022,14:22:00,7.9,1.227,0.156,0.8,0,1.2,5.9,1,0.158,0.124,0,0.638
234,3-1,CUMS_ctrl,entrenamiento_4,3,12/22/2022,14:22:00,11.6,3.187,0.274,4.1,1.4,1.2,5,1,0.312,0.129,1,0.564
235,3-1,CUMS_ctrl,entrenamiento_4,4,12/22/2022,14:23:00,3.8,0.721,0.189,0,0,2.5,1.3,1,0.317,0.852,0,0.406
236,4-1,CUMS_ctrl,entrenamiento_4,1,12/22/2022,14:24:00,53.2,12.07,0.227,7.4,9.2,10.4,26.2,1,0.294,0.02,1,0.504
237,4-1,CUMS_ctrl,entrenamiento_4,2,12/22/2022,14:25:00,4.6,0.622,0.134,0,0,0,4.6,1,0.152,0.528,0,0.702
238,4-1,CUMS_ctrl,entrenamiento_4,3,12/22/2022,14:25:00,4.4,0.88,0.199,2.5,0.7,0,1.2,1,0.42,0.785,0,0.397
239,4-1,CUMS_ctrl,entrenamiento_4,4,12/22/2022,14:27:00,9.1,1.948,0.215,1.5,2.6,2.3,2.6,1,0.339,0.356,0,0.37
196,1a,CUMS_Fluox,entrenamiento_4,1,12/22/2022,13:43:00,10.8,2.489,0.23,6.3,0,2.9,1.6,1,0.332,0.167,0,0.483
197,1a,CUMS_Fluox,entrenamiento_4,2,12/22/2022,13:44:00,10.5,2.314,0.22,3.9,1.1,0.4,5.1,1,0.232,0.042,0,0.497
198,1a,CUMS_Fluox,entrenamiento_4,3,12/22/2022,13:45:00,3.2,0.739,0.234,0.9,1.3,0,1,1,0.384,0.907,0,0.308
199,1a,CUMS_Fluox,entrenamiento_4,4,12/22/2022,13:46:00,4.1,1.014,0.248,1.5,1.6,0,1,1,0.348,0.56,0,0.376
200,2a,CUMS_Fluox,entrenamiento_4,1,12/22/2022,13:48:00,15.9,3.141,0.198,1.7,0.4,5.7,8,1,0.221,0.089,0,0.472
201,2a,CUMS_Fluox,entrenamiento_4,2,12/22/2022,13:49:00,2,0.228,0.113,0,0,0,2,1,0.16,0.912,0,0.631
202,2a,CUMS_Fluox,entrenamiento_4,3,12/22/2022,13:49:00,6.7,1.167,0.175,2.9,0,0,3.7,1,0.232,0.474,0,0.422
203,2a,CUMS_Fluox,entrenamiento_4,4,12/22/2022,13:50:00,5.7,1.114,0.196,3.3,1.4,0,1,1,0.313,0.502,0,0.349
204,3a,CUMS_Fluox,entrenamiento_4,1,12/22/2022,13:51:00,3.2,0.745,0.234,0.6,0.1,1.1,1.4,1,0.208,0.232,0,0.43
205,3a,CUMS_Fluox,entrenamiento_4,2,12/22/2022,13:52:00,4.7,0.81,0.172,0,0,0,4.7,1,0.136,0.345,0,0.723
206,3a,CUMS_Fluox,entrenamiento_4,3,12/22/2022,13:52:00,2.2,0.519,0.237,0.6,0.6,0,0.9,1,0.307,0.993,0,0.325
207,3a,CUMS_Fluox,entrenamiento_4,4,12/22/2022,13:53:00,3,0.822,0.276,0,0,1.8,1.2,1,0.335,0.905,0,0.443
208,4a,CUMS_Fluox,entrenamiento_4,1,12/22/2022,13:55:00,25.7,5.82,0.226,3.6,2.7,14.4,5,1,0.37,0.067,0,0.412
209,4a,CUMS_Fluox,entrenamiento_4,2,12/22/2022,13:55:00,1.8,0.124,0.067,0,0,0,1.8,1,0.033,0.311,0,0.694
210,4a,CUMS_Fluox,entrenamiento_4,3,12/22/2022,13:56:00,4.9,1.398,0.283,2.2,0.7,0,2.1,1,0.268,0.292,0,0.507
211,4a,CUMS_Fluox,entrenamiento_4,4,12/22/2022,13:56:00,6.6,1.551,0.234,1.4,3.9,0.4,0.9,1,0.515,0.424,0,0.233
240,1-2,CUMS_Fluox,entrenamiento_4,1,12/22/2022,14:29:00,4.1,0.736,0.181,0,0,0,4.1,1,0.116,0.221,0,0.719
241,1-2,CUMS_Fluox,entrenamiento_4,2,12/22/2022,14:30:00,3.3,0.745,0.224,2.5,0,0,0.8,1,0.288,0.414,0,0.568
242,1-2,CUMS_Fluox,entrenamiento_4,3,12/22/2022,14:30:00,3.5,1.252,0.36,2,0,0,1.5,1,0.269,0.34,0,0.494
243,1-2,CUMS_Fluox,entrenamiento_4,4,12/22/2022,14:31:00,9.4,1.654,0.175,0,1.2,2,6.3,1,0.218,0.389,0,0.576
244,2-2,CUMS_Fluox,entrenamiento_4,1,12/22/2022,14:33:00,6.5,1.446,0.222,1.8,1,2.8,0.9,1,0.343,0.147,0,0.39
245,2-2,CUMS_Fluox,entrenamiento_4,2,12/22/2022,14:34:00,12.3,2.474,0.201,0.1,1.3,2,9,1,0.239,0.082,0,0.591
246,2-2,CUMS_Fluox,entrenamiento_4,3,12/22/2022,14:34:00,6.4,2.169,0.34,1.4,0.9,0,4.1,1,0.225,0.204,0,0.552
247,2-2,CUMS_Fluox,entrenamiento_4,4,12/22/2022,14:36:00,60,9.222,0.154,11.8,6.3,14.2,27.7,0,0.257,NA,0,0.466
248,3-2,CUMS_Fluox,entrenamiento_4,1,12/22/2022,14:39:00,2.5,0.429,0.17,0,0,1.1,1.4,1,0.219,0.86,0,0.674
249,3-2,CUMS_Fluox,entrenamiento_4,2,12/22/2022,14:39:00,1.9,0.335,0.179,1.5,0,0,0.4,1,0.238,0.991,0,0.608
250,3-2,CUMS_Fluox,entrenamiento_4,3,12/22/2022,14:40:00,6.2,1.18,0.192,1.6,0,1.1,3.4,1,0.241,0.377,0,0.569
251,3-2,CUMS_Fluox,entrenamiento_4,4,12/22/2022,14:40:00,20.1,4.418,0.22,3,1.4,4.9,10.8,1,0.271,0.133,0,0.571
252,4-2,CUMS_Fluox,entrenamiento_4,1,12/22/2022,14:42:00,2.5,0.374,0.152,0,0,1.5,1,1,0.176,0.661,0,0.559
253,4-2,CUMS_Fluox,entrenamiento_4,2,12/22/2022,14:42:00,23.5,5.413,0.23,5.5,5.7,6.3,6.1,1,0.457,0.061,0,0.468
254,4-2,CUMS_Fluox,entrenamiento_4,3,12/22/2022,14:43:00,18,3.196,0.178,2.6,1.8,5,8.7,1,0.248,0.209,0,0.52
255,4-2,CUMS_Fluox,entrenamiento_4,4,12/22/2022,14:44:00,24.1,4.774,0.198,5,4.4,4.8,9.9,1,0.337,0.127,1,0.436
260,1b,CUMS_ctrl,prueba_1,1,12/23/2022,14:04:00,60,14.013,0.234,19.4,11.1,8.7,20.8,5,0.355,0.92,1,0.469
261,2b,CUMS_ctrl,prueba_1,1,12/23/2022,14:07:00,60,14.031,0.234,16.1,5.4,5,33.5,8,0.259,0.874,1,0.506
262,3b,CUMS_ctrl,prueba_1,1,12/23/2022,14:09:00,60,13.554,0.226,7.3,3.4,6.1,43.2,8,0.194,0.451,0,0.576
263,1-1,CUMS_ctrl,prueba_1,1,12/23/2022,14:14:00,60,13.447,0.224,13.6,8.6,6.5,31.3,6,0.279,0.926,1,0.499
264,2-1,CUMS_ctrl,prueba_1,1,12/23/2022,14:15:00,60,13.573,0.226,14.7,7.9,15.5,21.8,3,0.302,0.235,0,0.428
265,3-1,CUMS_ctrl,prueba_1,1,12/23/2022,14:17:00,60,13.026,0.217,13.8,0,3.2,43,9,0.214,0.478,0,0.611
266,4-1,CUMS_ctrl,prueba_1,1,12/23/2022,14:18:00,60,13.193,0.22,12.1,5,8.6,34.3,8,0.262,0.934,0,0.524
256,1a,CUMS_Fluox,prueba_1,1,12/23/2022,13:55:00,60,13.275,0.221,12.5,4.5,4.9,38.1,8,0.246,0.487,1,0.568
257,2a,CUMS_Fluox,prueba_1,1,12/23/2022,13:57:00,60,13.672,0.228,15.3,5.8,9.5,29.4,8,0.277,0.387,2,0.507
258,3a,CUMS_Fluox,prueba_1,1,12/23/2022,13:59:00,60,13.685,0.228,16.8,5.2,6.2,31.8,8,0.257,0.858,1,0.501
259,4a,CUMS_Fluox,prueba_1,1,12/23/2022,14:01:00,60,13.849,0.231,11.2,8.9,12.4,27.6,6,0.284,0.954,1,0.475
267,1-2,CUMS_Fluox,prueba_1,1,12/23/2022,14:21:00,60,10.236,0.171,12.6,4.1,6.2,37.2,3,0.233,0.309,0,0.505
268,2-2,CUMS_Fluox,prueba_1,1,12/23/2022,14:24:00,60,12.347,0.206,6.4,5.3,14.4,34,7,0.254,0.819,1,0.536
269,3-2,CUMS_Fluox,prueba_1,1,12/23/2022,14:26:00,60,12.854,0.214,16.1,5.9,8.2,29.8,5,0.274,0.091,1,0.52
270,4-2,CUMS_Fluox,prueba_1,1,12/23/2022,14:28:00,60,12.344,0.206,10,6.3,13.8,29.9,3,0.267,0.42,2,0.516
275,1b,CUMS_ctrl,prueba_2,1,2/4/2023,15:09:00,60,10.83,0.181,14.5,10.4,16.9,18.2,1,0.394,0.785,0,0.448
276,2b,CUMS_ctrl,prueba_2,1,2/4/2023,15:10:00,60,13.413,0.224,17.5,9.7,13.4,19.4,0,0.413,NA,1,0.566
277,3b,CUMS_ctrl,prueba_2,1,2/4/2023,15:12:00,60,12.639,0.211,13.7,5,4.2,37.2,3,0.247,0.193,0,0.598
278,1-1,CUMS_ctrl,prueba_2,1,2/4/2023,15:14:00,60,14.355,0.239,11.5,8.8,11.1,28.5,5,0.339,0.811,0,0.545
279,2-1,CUMS_ctrl,prueba_2,1,2/4/2023,15:16:00,60,11.578,0.193,8.4,9,15.5,27.2,2,0.339,0.139,1,0.564
280,3-1,CUMS_ctrl,prueba_2,1,2/4/2023,15:17:00,60,13.515,0.225,12.1,7.8,8.4,31.8,2,0.342,0.116,1,0.553
281,4-1,CUMS_ctrl,prueba_2,1,2/4/2023,15:18:00,60,14.034,0.234,9.5,14.4,14.3,21.8,2,0.397,0.1,2,0.49
271,1a,CUMS_Fluox,prueba_2,1,2/4/2023,15:00:00,60,14.656,0.244,12.4,6.7,16.7,24.2,2,0.377,0.068,1,0.57
272,2a,CUMS_Fluox,prueba_2,1,2/4/2023,15:02:00,60,16.042,0.267,13.5,11.7,14.3,20.6,2,0.382,0.086,3,0.468
273,3a,CUMS_Fluox,prueba_2,1,2/4/2023,15:03:00,60,15.587,0.26,10.5,14.4,19.9,15.2,1,0.488,0.096,2,0.485
274,4a,CUMS_Fluox,prueba_2,1,2/4/2023,15:05:00,60,13.125,0.219,7.9,8.3,15.7,28.1,4,0.359,0.14,0,0.553
282,1-2,CUMS_Fluox,prueba_2,1,2/4/2023,15:21:00,60,12.133,0.202,15,15.5,14.6,14.9,0,0.447,NA,2,0.471
283,2-2,CUMS_Fluox,prueba_2,1,2/4/2023,15:24:00,60,11.566,0.193,6.3,7.8,10.6,35.4,3,0.317,0.095,0,0.593
284,3-2,CUMS_Fluox,prueba_2,1,2/4/2023,15:25:00,60,12.345,0.206,8,10.1,22.5,19.4,2,0.434,0.141,0,0.544
285,4-2,CUMS_Fluox,prueba_2,1,2/4/2023,15:26:00,60,14.404,0.24,17.5,14.9,8.9,18.7,1,0.494,0.083,1,0.538
302,1b,CUMS_ctrl,entrenamiento_rev_1,1,2/5/2023,15:00:00,60,11.461,0.191,9.6,7,13.5,30,5,0.289,0.497,0,0.492
303,1b,CUMS_ctrl,entrenamiento_rev_1,2,2/5/2023,15:03:00,9.3,1.554,0.167,1.6,3.1,2.2,2.4,0,0.359,NA,1,0.355
304,1b,CUMS_ctrl,entrenamiento_rev_1,3,2/5/2023,15:04:00,11.9,1.85,0.156,2.8,1.9,1.7,5.5,1,0.316,0.709,1,0.427
305,1b,CUMS_ctrl,entrenamiento_rev_1,4,2/5/2023,15:05:00,6,0.996,0.165,0,2.8,1.8,1.5,0,0.439,NA,1,0.345
306,2b,CUMS_ctrl,entrenamiento_rev_1,1,2/5/2023,15:07:00,37.8,8.518,0.225,3.1,3.9,11.6,19.2,1,0.283,0.35,1,0.562
307,2b,CUMS_ctrl,entrenamiento_rev_1,2,2/5/2023,15:09:00,12.3,2.956,0.24,0.5,1.8,4.4,5.7,0,0.29,NA,1,0.497
308,2b,CUMS_ctrl,entrenamiento_rev_1,3,2/5/2023,15:10:00,14.5,3.026,0.209,2.6,4.7,2.5,4.6,0,0.328,NA,1,0.366
309,2b,CUMS_ctrl,entrenamiento_rev_1,4,2/5/2023,15:11:00,8.6,1.545,0.179,0,4.6,0.6,3.5,0,0.437,NA,1,0.361
310,3b,CUMS_ctrl,entrenamiento_rev_1,1,2/5/2023,15:12:00,28.7,6.052,0.211,1.9,3.2,4.7,19,5,0.23,0.442,1,0.56
311,3b,CUMS_ctrl,entrenamiento_rev_1,2,2/5/2023,15:13:00,8,1.582,0.197,0.6,5.4,0,2.1,0,0.52,NA,1,0.257
312,3b,CUMS_ctrl,entrenamiento_rev_1,3,2/5/2023,15:15:00,57.5,12.218,0.213,9.9,20.5,2.7,24.5,4,0.359,0.187,1,0.391
313,3b,CUMS_ctrl,entrenamiento_rev_1,4,2/5/2023,15:17:00,16.1,2.925,0.182,3.8,8.7,0.1,3.4,1,0.43,0.879,1,0.306
314,1-1,CUMS_ctrl,entrenamiento_rev_1,1,2/5/2023,15:20:00,60,12.752,0.213,14.3,6.6,6.6,32.5,3,0.258,0.826,0,0.528
315,1-1,CUMS_ctrl,entrenamiento_rev_1,2,2/5/2023,15:22:00,39.4,6.489,0.165,10.8,7.2,0,21.4,4,0.293,0.242,1,0.505
316,1-1,CUMS_ctrl,entrenamiento_rev_1,3,2/5/2023,15:24:00,17.9,3.578,0.2,3.7,6.1,1.8,6.3,1,0.377,0.263,1,0.39
317,1-1,CUMS_ctrl,entrenamiento_rev_1,4,2/5/2023,15:25:00,17,3.831,0.225,1.9,4.4,2.4,8.4,0,0.333,NA,1,0.48
318,2-1,CUMS_ctrl,entrenamiento_rev_1,1,2/5/2023,15:27:00,10.4,2.308,0.223,0.4,2.9,4.2,2.8,1,0.468,0.762,1,0.406
319,2-1,CUMS_ctrl,entrenamiento_rev_1,2,2/5/2023,15:28:00,7.6,1.481,0.196,1,2,1.4,3.1,1,0.34,0.92,1,0.387
320,2-1,CUMS_ctrl,entrenamiento_rev_1,3,2/5/2023,15:29:00,16.7,3.03,0.181,2.9,9.3,2.2,2.3,1,0.497,0.81,1,0.278
321,2-1,CUMS_ctrl,entrenamiento_rev_1,4,2/5/2023,15:30:00,15.9,2.77,0.174,1.4,10.9,0.6,3,0,0.5,NA,1,0.229
322,3-1,CUMS_ctrl,entrenamiento_rev_1,1,2/5/2023,15:31:00,60,13.942,0.232,7.8,11,16.2,25,2,0.355,0.102,0,0.466
323,3-1,CUMS_ctrl,entrenamiento_rev_1,2,2/5/2023,15:34:00,5,0.99,0.199,1.4,0.8,0,2.8,0,0.267,NA,1,0.521
324,3-1,CUMS_ctrl,entrenamiento_rev_1,3,2/5/2023,15:35:00,8.2,1.815,0.221,3.6,3,0,1.6,0,0.448,NA,1,0.341
325,3-1,CUMS_ctrl,entrenamiento_rev_1,4,2/5/2023,15:35:00,9.6,1.794,0.187,3.6,1.2,1,3.8,0,0.279,NA,1,0.457
326,4-1,CUMS_ctrl,entrenamiento_rev_1,1,2/5/2023,15:37:00,60,14.058,0.234,10.6,6.3,14.6,28.4,0,0.322,NA,0,0.535
327,4-1,CUMS_ctrl,entrenamiento_rev_1,2,2/5/2023,15:38:00,10,1.793,0.179,2.1,0.9,0,7,0,0.249,NA,1,0.528
328,4-1,CUMS_ctrl,entrenamiento_rev_1,3,2/5/2023,15:39:00,8.5,1.598,0.189,1.5,4.1,2.9,0,0,0.533,NA,1,0.21
329,4-1,CUMS_ctrl,entrenamiento_rev_1,4,2/5/2023,15:40:00,9.8,2.175,0.221,0,5.3,0.3,4.2,0,0.44,NA,1,0.368
286,1a,CUMS_Fluox,entrenamiento_rev_1,1,2/5/2023,14:29:00,60,15.68,0.261,5.1,11.8,19.5,23.6,4,0.394,0.332,0,0.501
287,1a,CUMS_Fluox,entrenamiento_rev_1,2,2/5/2023,14:31:00,60,12.279,0.205,4.2,11.9,25.3,18.5,3,0.347,0.053,0,0.42
288,1a,CUMS_Fluox,entrenamiento_rev_1,3,2/5/2023,14:33:00,10.7,2.111,0.197,3.1,3.8,2.5,1.3,0,0.388,NA,1,0.313
289,1a,CUMS_Fluox,entrenamiento_rev_1,4,2/5/2023,14:34:00,1.4,0.241,0.174,0,0.8,0.6,0,0,0.505,NA,1,0.144
290,2a,CUMS_Fluox,entrenamiento_rev_1,1,2/5/2023,14:47:00,1.1,0,0,0,0,0,0,0,0,NA,0,0
291,2a,CUMS_Fluox,entrenamiento_rev_1,2,2/5/2023,14:47:00,0.9,0,0,0,0,0,0,0,0,NA,0,0
292,2a,CUMS_Fluox,entrenamiento_rev_1,3,2/5/2023,14:47:00,0.9,0,0,0,0,0,0,0,0,NA,0,0
293,2a,CUMS_Fluox,entrenamiento_rev_1,4,2/5/2023,14:47:00,1.1,0,0,0,0,0,0,0,0,NA,0,0
294,3a,CUMS_Fluox,entrenamiento_rev_1,1,2/5/2023,14:48:00,58.4,13.388,0.229,9.9,2.8,14.7,31,4,0.271,0.104,1,0.557
295,3a,CUMS_Fluox,entrenamiento_rev_1,2,2/5/2023,14:50:00,21.6,4.865,0.226,5.8,1,3.7,11.1,0,0.27,NA,1,0.506
296,3a,CUMS_Fluox,entrenamiento_rev_1,3,2/5/2023,14:51:00,11.3,2.449,0.216,1.9,1.1,3.1,5.2,1,0.263,0.293,1,0.527
297,3a,CUMS_Fluox,entrenamiento_rev_1,4,2/5/2023,14:53:00,47.4,13.29,0.28,11,8.1,13.6,14.7,0,0.406,NA,1,0.505
298,4a,CUMS_Fluox,entrenamiento_rev_1,1,2/5/2023,14:55:00,23.6,5.497,0.232,4.4,4.8,4.7,9.7,0,0.306,NA,1,0.45
299,4a,CUMS_Fluox,entrenamiento_rev_1,2,2/5/2023,14:56:00,11,2.348,0.213,2,4.1,4.5,0.5,0,0.515,NA,1,0.305
300,4a,CUMS_Fluox,entrenamiento_rev_1,3,2/5/2023,14:57:00,0.1,0,0,0,0,0,0,0,0,NA,0,0
301,4a,CUMS_Fluox,entrenamiento_rev_1,4,2/5/2023,14:57:00,7.8,1.659,0.212,1.4,2.8,1.4,2.2,1,0.411,0.903,1,0.385
330,1-2,CUMS_Fluox,entrenamiento_rev_1,1,2/5/2023,15:43:00,12,2.826,0.235,1.5,2.2,5.9,2.4,1,0.381,0.283,1,0.428
331,1-2,CUMS_Fluox,entrenamiento_rev_1,2,2/5/2023,15:44:00,5.4,1.062,0.196,0,1.2,1.6,2.6,1,0.296,0.806,1,0.448
332,1-2,CUMS_Fluox,entrenamiento_rev_1,3,2/5/2023,15:46:00,23.6,4.498,0.191,8,8.9,3.1,3.6,0,0.437,NA,1,0.334
333,1-2,CUMS_Fluox,entrenamiento_rev_1,4,2/5/2023,15:48:00,41.9,8.303,0.198,8.5,18.5,5.2,9.7,2,0.401,0.996,1,0.306
334,2-2,CUMS_Fluox,entrenamiento_rev_1,1,2/5/2023,15:49:00,60,10.57,0.176,3.4,2.8,31.5,22.3,1,0.321,0.357,0,0.598
335,2-2,CUMS_Fluox,entrenamiento_rev_1,2,2/5/2023,15:53:00,60,9.069,0.151,5.4,8.6,11.8,34.3,4,0.268,0.154,0,0.5
336,2-2,CUMS_Fluox,entrenamiento_rev_1,3,2/5/2023,15:56:00,11.7,2.025,0.173,5.7,1.4,0,4.6,1,0.31,0.886,1,0.455
337,2-2,CUMS_Fluox,entrenamiento_rev_1,4,2/5/2023,15:58:00,17.5,3.97,0.227,4.6,2.5,3.1,7.3,0,0.335,NA,1,0.508
338,3-2,CUMS_Fluox,entrenamiento_rev_1,1,2/5/2023,16:00:00,15.3,3.219,0.21,5.1,9,1.2,0,0,0.593,NA,1,0.25
339,3-2,CUMS_Fluox,entrenamiento_rev_1,2,2/5/2023,16:00:00,6.3,1.303,0.206,0.6,3.2,0,2.6,0,0.458,NA,1,0.353
340,3-2,CUMS_Fluox,entrenamiento_rev_1,3,2/5/2023,16:01:00,13.3,2.45,0.184,0,10.9,2.4,0,0,0.663,NA,1,0.146
341,3-2,CUMS_Fluox,entrenamiento_rev_1,4,2/5/2023,16:02:00,24.9,4.991,0.2,3.2,11.7,3.2,6.7,0,0.464,NA,1,0.382
342,4-2,CUMS_Fluox,entrenamiento_rev_1,1,2/5/2023,16:04:00,60,14.666,0.244,21.5,6.2,9.2,23.2,3,0.34,0.055,0,0.523
343,4-2,CUMS_Fluox,entrenamiento_rev_1,2,2/5/2023,16:06:00,7.4,1.751,0.235,1.8,1.1,0,4.5,0,0.313,NA,1,0.487
344,4-2,CUMS_Fluox,entrenamiento_rev_1,3,2/5/2023,16:06:00,20.1,4.4,0.219,2.5,5.9,4.6,7.1,0,0.396,NA,1,0.416
345,4-2,CUMS_Fluox,entrenamiento_rev_1,4,2/5/2023,16:08:00,12.6,2.418,0.192,2.3,5.5,2.2,2.7,0,0.412,NA,1,0.331
362,1b,CUMS_ctrl,entrenamiento_rev_2,1,2/6/2023,15:53:00,18.2,4.261,0.234,3.6,2.9,5.1,6.6,0,0.289,NA,1,0.432
363,1b,CUMS_ctrl,entrenamiento_rev_2,2,2/6/2023,15:54:00,10,1.979,0.198,2,4.9,3.2,0,0,0.563,NA,1,0.237
364,1b,CUMS_ctrl,entrenamiento_rev_2,3,2/6/2023,15:54:00,16.1,3.221,0.2,4.1,7.3,2.1,2.7,0,0.482,NA,1,0.269
365,1b,CUMS_ctrl,entrenamiento_rev_2,4,2/6/2023,15:55:00,10.8,2,0.184,0.9,5.2,3.2,1.5,0,0.494,NA,1,0.252
366,2b,CUMS_ctrl,entrenamiento_rev_2,1,2/6/2023,15:56:00,60,13.35,0.223,16.7,0.7,7.9,34.8,5,0.26,0.796,0,0.6
367,2b,CUMS_ctrl,entrenamiento_rev_2,2,2/6/2023,15:58:00,7.8,1.557,0.2,2.3,1,0,4.5,0,0.309,NA,1,0.502
368,2b,CUMS_ctrl,entrenamiento_rev_2,3,2/6/2023,15:59:00,12.5,2.006,0.161,4.1,5.1,1.8,1.5,0,0.494,NA,1,0.224
369,2b,CUMS_ctrl,entrenamiento_rev_2,4,2/6/2023,16:00:00,7.7,1.793,0.232,2.4,3.5,0.8,1,0,0.461,NA,1,0.272
370,3b,CUMS_ctrl,entrenamiento_rev_2,1,2/6/2023,16:01:00,3.8,0.88,0.232,1.3,0.8,0,1.7,0,0.319,NA,1,0.519
371,3b,CUMS_ctrl,entrenamiento_rev_2,2,2/6/2023,16:02:00,11.8,3.067,0.26,2.7,5,2.9,1.3,0,0.537,NA,1,0.338
372,3b,CUMS_ctrl,entrenamiento_rev_2,3,2/6/2023,16:03:00,2.7,0.738,0.271,2.2,0.5,0,0,0,0.458,NA,1,0.297
373,3b,CUMS_ctrl,entrenamiento_rev_2,4,2/6/2023,16:03:00,3.8,0.815,0.214,0,0.8,3,0,0,0.364,NA,1,0.317
374,1-1,CUMS_ctrl,entrenamiento_rev_2,1,2/6/2023,16:05:00,4.8,1.219,0.255,0.4,2.1,0,2.2,0,0.394,NA,1,0.386
375,1-1,CUMS_ctrl,entrenamiento_rev_2,2,2/6/2023,16:06:00,5.8,1.449,0.252,1.3,1.4,0,3,0,0.332,NA,1,0.534
376,1-1,CUMS_ctrl,entrenamiento_rev_2,3,2/6/2023,16:06:00,12.4,3.224,0.259,3.5,2.9,2.5,3.5,1,0.375,0.225,1,0.441
377,1-1,CUMS_ctrl,entrenamiento_rev_2,4,2/6/2023,16:07:00,14.9,3.648,0.245,1.8,4.6,3.3,5.2,0,0.384,NA,1,0.389
378,2-1,CUMS_ctrl,entrenamiento_rev_2,1,2/6/2023,16:09:00,6.8,1.24,0.182,0.3,4.3,0,2.2,0,0.499,NA,1,0.263
379,2-1,CUMS_ctrl,entrenamiento_rev_2,2,2/6/2023,16:10:00,11.7,1.974,0.169,0,5.4,2.8,3.4,0,0.394,NA,1,0.296
380,2-1,CUMS_ctrl,entrenamiento_rev_2,3,2/6/2023,16:13:00,33,5.238,0.159,1.7,20.5,6.5,4.3,0,0.51,NA,1,0.24
381,2-1,CUMS_ctrl,entrenamiento_rev_2,4,2/6/2023,16:14:00,2.3,0.358,0.156,0,0.7,1.6,0,0,0.535,NA,1,0.242
382,3-1,CUMS_ctrl,entrenamiento_rev_2,1,2/6/2023,16:15:00,4.3,1.061,0.248,0.1,1,0,3.1,1,0.243,0.786,1,0.525
383,3-1,CUMS_ctrl,entrenamiento_rev_2,2,2/6/2023,16:15:00,4.3,1.153,0.27,0.6,0.9,0,2.8,1,0.288,0.742,1,0.546
384,3-1,CUMS_ctrl,entrenamiento_rev_2,3,2/6/2023,16:16:00,4.5,0.998,0.222,3.7,0.8,0,0,0,0.466,NA,1,0.438
385,3-1,CUMS_ctrl,entrenamiento_rev_2,4,2/6/2023,16:16:00,24.5,5.412,0.22,3.1,9,5,7.5,0,0.419,NA,1,0.397
386,4-1,CUMS_ctrl,entrenamiento_rev_2,1,2/6/2023,16:18:00,6.3,0.701,0.111,3.1,3.2,0,0,0,0.493,NA,1,0.314
387,4-1,CUMS_ctrl,entrenamiento_rev_2,2,2/6/2023,16:19:00,7.7,1.738,0.225,0,3.8,0.9,3,1,0.423,0.69,1,0.414
388,4-1,CUMS_ctrl,entrenamiento_rev_2,3,2/6/2023,16:19:00,1.7,0.352,0.201,0.6,1.1,0,0,0,0.695,NA,1,0.209
389,4-1,CUMS_ctrl,entrenamiento_rev_2,4,2/6/2023,16:20:00,20.8,4.508,0.217,4.4,6.9,5.3,4.2,0,0.383,NA,1,0.339
346,1a,CUMS_Fluox,entrenamiento_rev_2,1,2/6/2023,15:31:00,60,13.801,0.23,1.1,3.9,23.9,31.1,7,0.269,0.953,0,0.57
347,1a,CUMS_Fluox,entrenamiento_rev_2,2,2/6/2023,15:33:00,9.9,2.006,0.203,0.7,4.3,4.9,0,0,0.423,NA,1,0.276
348,1a,CUMS_Fluox,entrenamiento_rev_2,3,2/6/2023,15:34:00,19,3.579,0.188,1.6,7,4.9,5.5,1,0.42,0.459,1,0.377
349,1a,CUMS_Fluox,entrenamiento_rev_2,4,2/6/2023,15:35:00,15.5,2.64,0.17,0.9,3.3,7.9,3.4,1,0.397,0.627,1,0.317
350,2a,CUMS_Fluox,entrenamiento_rev_2,1,2/6/2023,15:37:00,5.3,1.104,0.207,2.1,3.2,0,0,0,0.489,NA,1,0.279
351,2a,CUMS_Fluox,entrenamiento_rev_2,2,2/6/2023,15:37:00,5.6,1.3,0.233,2,1,0,2.6,0,0.334,NA,1,0.515
352,2a,CUMS_Fluox,entrenamiento_rev_2,3,2/6/2023,15:38:00,11.7,2.504,0.214,0.9,5.2,2.3,3.3,1,0.444,0.393,1,0.321
353,2a,CUMS_Fluox,entrenamiento_rev_2,4,2/6/2023,15:39:00,11.4,2.469,0.217,0,7.4,4,0,0,0.593,NA,1,0.209
354,3a,CUMS_Fluox,entrenamiento_rev_2,1,2/6/2023,15:41:00,11.2,2.855,0.254,3.1,5.2,0.7,2.3,0,0.459,NA,1,0.308
355,3a,CUMS_Fluox,entrenamiento_rev_2,2,2/6/2023,15:42:00,12.8,3.518,0.275,1.7,3.8,4.3,3,0,0.46,NA,1,0.402
356,3a,CUMS_Fluox,entrenamiento_rev_2,3,2/6/2023,15:43:00,2.8,0.699,0.252,1.9,0.9,0,0,0,0.452,NA,1,0.282
357,3a,CUMS_Fluox,entrenamiento_rev_2,4,2/6/2023,15:44:00,9.1,2.097,0.229,1.6,1.5,2.8,3.3,1,0.388,0.69,1,0.487
358,4a,CUMS_Fluox,entrenamiento_rev_2,1,2/6/2023,15:46:00,13.7,3.097,0.227,1,4,3.5,5.2,0,0.326,NA,1,0.407
359,4a,CUMS_Fluox,entrenamiento_rev_2,2,2/6/2023,15:47:00,7.3,1.407,0.193,0,3.2,0.4,3.6,1,0.404,0.627,1,0.406
360,4a,CUMS_Fluox,entrenamiento_rev_2,3,2/6/2023,15:48:00,1.3,0.162,0.123,0,1.3,0,0,0,0.559,NA,1,0.053
361,4a,CUMS_Fluox,entrenamiento_rev_2,4,2/6/2023,15:49:00,13.3,2.749,0.207,2.3,3.5,5.6,1.9,0,0.399,NA,1,0.321
390,1-2,CUMS_Fluox,entrenamiento_rev_2,1,2/6/2023,16:23:00,29.3,6.427,0.219,6.6,9.3,7.5,5.9,1,0.386,0.123,1,0.36
391,1-2,CUMS_Fluox,entrenamiento_rev_2,2,2/6/2023,16:24:00,6.6,1.27,0.193,0.7,2.2,0,3.8,1,0.355,0.797,1,0.482
392,1-2,CUMS_Fluox,entrenamiento_rev_2,3,2/6/2023,16:25:00,2.4,0.444,0.184,0.8,1.6,0,0,0,0.647,NA,1,0.196
393,1-2,CUMS_Fluox,entrenamiento_rev_2,4,2/6/2023,16:25:00,12.6,2.81,0.223,0.7,3,4.4,4.6,0,0.397,NA,1,0.402
394,2-2,CUMS_Fluox,entrenamiento_rev_2,1,2/6/2023,16:26:00,44.8,8.198,0.183,6.8,7.4,10.7,19.9,3,0.293,0.725,1,0.439
395,2-2,CUMS_Fluox,entrenamiento_rev_2,2,2/6/2023,16:28:00,14.7,2.91,0.197,0,3.1,4.4,7.2,0,0.306,NA,1,0.471
396,2-2,CUMS_Fluox,entrenamiento_rev_2,3,2/6/2023,16:29:00,11.8,2.117,0.179,2.8,4.1,1.9,3,0,0.408,NA,1,0.357
397,2-2,CUMS_Fluox,entrenamiento_rev_2,4,2/6/2023,16:30:00,19.2,3.542,0.184,4.3,4.1,5.9,4.9,1,0.413,0.453,1,0.372
398,3-2,CUMS_Fluox,entrenamiento_rev_2,1,2/6/2023,16:32:00,11.1,2.216,0.2,3.1,4.3,0,3.7,0,0.458,NA,1,0.366
399,3-2,CUMS_Fluox,entrenamiento_rev_2,2,2/6/2023,16:33:00,4.1,0.832,0.205,0,1.1,2.9,0,0,0.429,NA,1,0.463
400,3-2,CUMS_Fluox,entrenamiento_rev_2,3,2/6/2023,16:33:00,3.4,0.792,0.233,2.7,0.7,0,0,0,0.521,NA,1,0.348
401,3-2,CUMS_Fluox,entrenamiento_rev_2,4,2/6/2023,16:34:00,6.7,1.079,0.16,0,5.5,1.2,0,0,0.701,NA,1,0.16
402,4-2,CUMS_Fluox,entrenamiento_rev_2,1,2/6/2023,16:35:00,5.7,1.43,0.249,1.8,2.3,0,1.6,0,0.436,NA,1,0.35
403,4-2,CUMS_Fluox,entrenamiento_rev_2,2,2/6/2023,16:36:00,3.4,1.137,0.331,0,0.7,1.4,1.3,0,0.347,NA,1,0.52
404,4-2,CUMS_Fluox,entrenamiento_rev_2,3,2/6/2023,16:36:00,10.4,2.283,0.22,2.2,2.9,4.2,1.2,0,0.432,NA,1,0.328
405,4-2,CUMS_Fluox,entrenamiento_rev_2,4,2/6/2023,16:37:00,1.7,0.284,0.171,0,1.7,0,0,0,0.664,NA,1,0.158
410,1b,CUMS_ctrl,prueba_rev,1,2/7/2023,14:00:00,60,14.925,0.249,9.8,28.3,10.5,11.4,1,0.481,0.237,9,0.356
411,2b,CUMS_ctrl,prueba_rev,1,2/7/2023,14:13:00,60,13.398,0.223,8.1,33.4,9.4,9.1,2,0.497,0.163,8,0.264
412,3b,CUMS_ctrl,prueba_rev,1,2/7/2023,14:25:00,60,14.74,0.246,24.1,6,5.2,24.7,6,0.312,0.928,0,0.464
413,1-1,CUMS_ctrl,prueba_rev,1,2/7/2023,14:52:00,60,13.244,0.221,15.4,33.3,2.2,9.1,1,0.497,0.066,8,0.291
414,2-1,CUMS_ctrl,prueba_rev,1,2/7/2023,15:05:00,60,11.795,0.197,12.5,33.9,7.1,6.4,1,0.533,0.317,8,0.238
415,3-1,CUMS_ctrl,prueba_rev,1,2/7/2023,15:18:00,60,13.871,0.231,20.3,26.9,3.2,9.7,1,0.455,0.175,8,0.317
416,4-1,CUMS_ctrl,prueba_rev,1,2/7/2023,15:28:00,60,13.673,0.228,5.9,33,10.8,10.3,1,0.485,0.295,9,0.254
406,1a,CUMS_Fluox,prueba_rev,1,2/7/2023,13:12:00,60,12.01,0.2,14.3,11.6,26.4,7.7,2,0.427,0.095,1,0.392
407,2a,CUMS_Fluox,prueba_rev,1,2/7/2023,13:22:00,60,12.57,0.21,23.5,17.4,5,14.1,0,0.392,NA,3,0.39
408,3a,CUMS_Fluox,prueba_rev,1,2/7/2023,13:33:00,60,11.126,0.185,7.4,43.6,0.6,8.5,0,0.566,NA,10,0.222
409,4a,CUMS_Fluox,prueba_rev,1,2/7/2023,13:48:00,60,14.204,0.237,16.8,22.2,5.3,15.7,2,0.409,0.127,2,0.369
417,1-2,CUMS_Fluox,prueba_rev,1,2/7/2023,15:39:00,60,11.831,0.197,9.8,33.9,10.3,6.1,0,0.507,NA,5,0.264
418,2-2,CUMS_Fluox,prueba_rev,1,2/7/2023,15:52:00,60,11.545,0.192,14.7,32.5,6.7,6.1,0,0.488,NA,3,0.257
419,3-2,CUMS_Fluox,prueba_rev,1,2/7/2023,16:00:00,60,12.489,0.208,3.5,31.3,15.6,9.6,2,0.54,0.163,5,0.295
420,4-2,CUMS_Fluox,prueba_rev,1,2/7/2023,16:07:00,60,14.497,0.242,13.5,30.7,9.2,6.6,0,0.51,NA,8,0.299
